table,id,parent_id,project_id,contract_number,parent_title,parent_status,line_number,budget_code,normalized_budget_code,description,amount,reason,typed_candidate_ids,typed_candidate_labels,other_candidate_ids,other_candidate_labels,recommended_action
"purchase_order_sov_items","327cf11b-61c4-4b1c-8254-9b441a25f31f","02966cb1-7bd5-4821-aadc-de4489d086af","1008","000107","ALTANSPSS Survey at Niemann Ace Hardware will be performed i","Approved","1","022113","022113","Cost of Contracts- Subco","13500","no_project_budget_code_match","","","","","Create/activate the missing project budget code or mark the row intentionally unmapped."
"purchase_order_sov_items","0f60c147-ddf7-4273-9c19-f5fdf3dd4919","0349a1c6-5c7b-4662-8d50-34755e4390a3","761","PO-5347-0002","Structural Engineer","Approved","1","50-5000","505000","Design","8000","no_project_budget_code_match","","","","","Create/activate the missing project budget code or mark the row intentionally unmapped."
"purchase_order_sov_items","03f12301-dd16-488e-8630-3e7ce8449932","0349a1c6-5c7b-4662-8d50-34755e4390a3","761","PO-5347-0002","Structural Engineer","Approved","2","50-5000","505000","Pre-con","5805.65","no_project_budget_code_match","","","","","Create/activate the missing project budget code or mark the row intentionally unmapped."
"purchase_order_sov_items","a5bd74bf-c467-409c-92b7-172eb3b6ca77","1231c481-84a7-479a-81a5-2bac1835283d","43","000073","Exterior wood siding for the north side of the Collective Bu","Complete","1","062000","062000","Cost of Contracts- Material","150","ambiguous_typed_matches","7586b589-e309-461a-9dee-e03826740740;f266f595-13d9-4ee1-89e7-855661949bf9;606fd471-37b1-492b-b0ce-03121a071e50","06-2000.M;06-2000.X;06-2000.S","27db75d4-64ea-448d-b48e-44e10fba7070","06-2000","Manual selection required: choose the specific cost type candidate."
"purchase_order_sov_items","927e2b8f-a70c-449d-bff0-602050ee339d","1231c481-84a7-479a-81a5-2bac1835283d","43","000073","Exterior wood siding for the north side of the Collective Bu","Complete","2","062000","062000","Cost of Contracts- Material","432.53","ambiguous_typed_matches","7586b589-e309-461a-9dee-e03826740740;f266f595-13d9-4ee1-89e7-855661949bf9;606fd471-37b1-492b-b0ce-03121a071e50","06-2000.M;06-2000.X;06-2000.S","27db75d4-64ea-448d-b48e-44e10fba7070","06-2000","Manual selection required: choose the specific cost type candidate."
"purchase_order_sov_items","7a04e19f-9350-4933-8aac-c02eaadc1f68","1231c481-84a7-479a-81a5-2bac1835283d","43","000073","Exterior wood siding for the north side of the Collective Bu","Complete","3","062000","062000","Cost of Contracts- Material","535.5","ambiguous_typed_matches","7586b589-e309-461a-9dee-e03826740740;f266f595-13d9-4ee1-89e7-855661949bf9;606fd471-37b1-492b-b0ce-03121a071e50","06-2000.M;06-2000.X;06-2000.S","27db75d4-64ea-448d-b48e-44e10fba7070","06-2000","Manual selection required: choose the specific cost type candidate."
"purchase_order_sov_items","8bdf1853-d44a-4596-b218-fd0614dc1388","1915e9b0-3524-461e-ab25-4d64bf81ab1e","767","PO-1775827229731","Test Purchase Order - QA","Approved","1","","","Purchase Order Items","2500000000","blank_code_nonzero_amount","","","","","Source data repair required: assign a project budget code before this financial amount can be trusted."
"purchase_order_sov_items","3e5eac49-a2e6-4f3c-aa04-33184632ee00","2026b0d8-d4f5-4ab9-9f99-360783c86fe8","31","000064","Provide and deliver to job site the following materials:  He","Complete","1","211313","211313","Cost of Contracts- Subco","266092.02","ambiguous_typed_matches","5614a895-0fcc-4b49-b713-7f3c9af02d99;28487d72-7489-4529-b30e-bb02d639382a;5958c2f5-11a1-4694-9121-dd4d64f4a52b;304ea55e-827a-484f-8d5a-4885a170bf32","21-1313.L;21-1313.X;21-1313.S;21-1313.M","a37d3f1e-4ea1-48f2-9e62-06d06c422449","21-1313","Manual selection required: choose the specific cost type candidate."
"purchase_order_sov_items","d6339738-044b-4cec-acfe-555bd985b64e","2026b0d8-d4f5-4ab9-9f99-360783c86fe8","31","000064","Provide and deliver to job site the following materials:  He","Complete","2","211313","211313","Cost of Contracts- Subco","175762.38","ambiguous_typed_matches","5614a895-0fcc-4b49-b713-7f3c9af02d99;28487d72-7489-4529-b30e-bb02d639382a;5958c2f5-11a1-4694-9121-dd4d64f4a52b;304ea55e-827a-484f-8d5a-4885a170bf32","21-1313.L;21-1313.X;21-1313.S;21-1313.M","a37d3f1e-4ea1-48f2-9e62-06d06c422449","21-1313","Manual selection required: choose the specific cost type candidate."
"purchase_order_sov_items","44379a18-04e1-403c-9f5f-2a627f9d24cc","2026b0d8-d4f5-4ab9-9f99-360783c86fe8","31","000064","Provide and deliver to job site the following materials:  He","Complete","3","211313","211313","Cost of Contracts- Material","20459.23","ambiguous_typed_matches","5614a895-0fcc-4b49-b713-7f3c9af02d99;28487d72-7489-4529-b30e-bb02d639382a;5958c2f5-11a1-4694-9121-dd4d64f4a52b;304ea55e-827a-484f-8d5a-4885a170bf32","21-1313.L;21-1313.X;21-1313.S;21-1313.M","a37d3f1e-4ea1-48f2-9e62-06d06c422449","21-1313","Manual selection required: choose the specific cost type candidate."
"purchase_order_sov_items","7d1f656a-a8f5-44ad-8b56-acbe46288772","2026b0d8-d4f5-4ab9-9f99-360783c86fe8","31","000064","Provide and deliver to job site the following materials:  He","Complete","4","211313","211313","Cost of Contracts- Material","177.73","ambiguous_typed_matches","5614a895-0fcc-4b49-b713-7f3c9af02d99;28487d72-7489-4529-b30e-bb02d639382a;5958c2f5-11a1-4694-9121-dd4d64f4a52b;304ea55e-827a-484f-8d5a-4885a170bf32","21-1313.L;21-1313.X;21-1313.S;21-1313.M","a37d3f1e-4ea1-48f2-9e62-06d06c422449","21-1313","Manual selection required: choose the specific cost type candidate."
"purchase_order_sov_items","5dc03333-8703-4ab3-862e-701919b5cd90","2026b0d8-d4f5-4ab9-9f99-360783c86fe8","31","000064","Provide and deliver to job site the following materials:  He","Complete","5","214000","214000","Cost of Contracts- Subco","4879.68","ambiguous_typed_matches","e1954745-3b9c-4f5b-ba32-5ca001843239;e7052d62-4443-4e7d-815d-848e9b0f5b34","21-4000.L;21-4000.S","4a229d4f-6996-4f6e-a874-3e8342376ac3","21-4000","Manual selection required: choose the specific cost type candidate."
"purchase_order_sov_items","53e69381-b8fe-400e-a8ba-91ce9d66bcbe","28f8f65d-a4ac-42fb-9ffd-c660a688659f","31","000072","General Notes - Scope to be completed in full compliance wit","Complete","1","274000","274000","Cost of Contracts- Subco","10331.96","ambiguous_typed_matches","d5702b80-cc38-4205-a013-e1f2290db363;c130220a-be0c-47b3-be43-41ea2cb8d951","27-4000.L;27-4000.S","2883ccde-52b8-4c8e-adc3-dd5e3a06a86e","27-4000","Manual selection required: choose the specific cost type candidate."
"purchase_order_sov_items","ec1fddec-aad2-4a9b-8ae5-318d150284bd","2d4f4263-6469-431d-b6a3-3f905919f2a2","767","PO-1775829268393","Test Purchase Order - QA Pass 2","Draft","1","","","Purchase Order Items","2500000000","blank_code_nonzero_amount","","","","","Source data repair required: assign a project budget code before this financial amount can be trusted."
"purchase_order_sov_items","930299b4-6766-4112-812a-a348e2fe1366","3110174d-923f-4066-9d2a-8f46c12e5b11","761","000086","Inclusions - Furnish (4) 50-ton packaged RTUs - Unit Model #","Complete","1","237000","237000","Cost of Contracts- Subco","530000","no_project_budget_code_match","","","","","Create/activate the missing project budget code or mark the row intentionally unmapped."
"purchase_order_sov_items","66e0a215-cd41-4f97-b67f-005ef2078c56","316640d6-c78a-4530-a678-8eb29cc80bf5","31","000068","General Notes - All work shall be performed in accordance wi","Approved","1","261000","261000","Cost of Contracts- Subco","1110.39","ambiguous_typed_matches","1235eae8-aa0d-4588-8a09-704b98f0861d;470a7b44-1a25-4e42-a3f3-1c52bfa630c8","26-1000.L;26-1000.S","cccd6650-7148-49f7-9254-49ada13fdd76","26-1000","Manual selection required: choose the specific cost type candidate."
"purchase_order_sov_items","2a5b3f80-5118-44b2-8c28-417e80b785c6","316640d6-c78a-4530-a678-8eb29cc80bf5","31","000068","General Notes - All work shall be performed in accordance wi","Approved","2","261000","261000","Cost of Contracts- Subco","1000","ambiguous_typed_matches","1235eae8-aa0d-4588-8a09-704b98f0861d;470a7b44-1a25-4e42-a3f3-1c52bfa630c8","26-1000.L;26-1000.S","cccd6650-7148-49f7-9254-49ada13fdd76","26-1000","Manual selection required: choose the specific cost type candidate."
"purchase_order_sov_items","1953ad54-969f-45e2-9d6a-25d6ead53f97","3d3a4435-8af3-4b7b-9b1e-4064c13a4fcb","43","000084","Price includes  - (32) 1"" x 4"" x 16' Kebony Boards - Flat Be","Complete","1","062000","062000","Cost of Contracts- Subco","3556.88","ambiguous_typed_matches","7586b589-e309-461a-9dee-e03826740740;f266f595-13d9-4ee1-89e7-855661949bf9;606fd471-37b1-492b-b0ce-03121a071e50","06-2000.M;06-2000.X;06-2000.S","27db75d4-64ea-448d-b48e-44e10fba7070","06-2000","Manual selection required: choose the specific cost type candidate."
"purchase_order_sov_items","449f0609-bcdb-4ae5-8bb4-c5e81ea9365b","45e19bed-66f5-4bfa-a1cc-18fa13dcde53","761","000076","Structural engineering services to analyze existing roof fra","Complete","1","505000","505000","Cost of Contracts- Other","5805.65","no_project_budget_code_match","","","","","Create/activate the missing project budget code or mark the row intentionally unmapped."
"purchase_order_sov_items","e8d7176e-b50d-472f-b12b-0d0b32239f08","45e19bed-66f5-4bfa-a1cc-18fa13dcde53","761","000076","Structural engineering services to analyze existing roof fra","Complete","2","505000","505000","Cost of Contracts- Other","8000","no_project_budget_code_match","","","","","Create/activate the missing project budget code or mark the row intentionally unmapped."
"purchase_order_sov_items","0ba20c26-1a65-42d0-9d1a-13c2a5e646e0","45e19bed-66f5-4bfa-a1cc-18fa13dcde53","761","000076","Structural engineering services to analyze existing roof fra","Complete","3","505000","505000","Cost of Contracts- Subco","3500","no_project_budget_code_match","","","","","Create/activate the missing project budget code or mark the row intentionally unmapped."
"purchase_order_sov_items","7effc68f-10dc-4c3a-8193-bd2367c1555d","46caec56-edc7-422a-a248-1ae2c4884328","879","000091","Provide and deliver to job site the following materials: Hea","Approved","1","211313","211313","Cost of Contracts- Subco","34225.51","no_project_budget_code_match","","","","","Create/activate the missing project budget code or mark the row intentionally unmapped."
"purchase_order_sov_items","85579650-36c0-43c7-a840-53b1522c2b49","46caec56-edc7-422a-a248-1ae2c4884328","879","000091","Provide and deliver to job site the following materials: Hea","Approved","2","211313","211313","Cost of Contracts- Subco","18956.3","no_project_budget_code_match","","","","","Create/activate the missing project budget code or mark the row intentionally unmapped."
"purchase_order_sov_items","c9ef80fd-57d4-438b-88f4-f431e9150c3a","49777ad9-c96e-4fd0-af71-b4d39762fdfd","868","000124","Providing Restroom Accessories Materials  4 Bradley 24""x30""","Approved","1","102813","102813","Cost of Contracts- Material","694.65","no_project_budget_code_match","","","","","Create/activate the missing project budget code or mark the row intentionally unmapped."
"purchase_order_sov_items","26095693-21a5-4137-8407-4c1b5dbeda4b","4bd3598e-5b31-4681-9e5d-8e82ea223ab5","53","000017","MEP Drawings","Complete","1","506500","506500","Cost of Contracts- Subco","14000","no_project_budget_code_match","","","","","Create/activate the missing project budget code or mark the row intentionally unmapped."
"purchase_order_sov_items","18aa1e57-87b2-4ca0-8723-475264b8aa7a","510f289c-1af2-41c6-a32a-2f4749d66b0a","67","000116","Design of Precast for ground up 100000 square foot warehouse","Complete","1","034500","034500","Cost of Contracts- Material","19000","ambiguous_typed_matches","b6460262-6aef-44c9-8fce-510461fb6588;137561a5-455e-4017-90b5-59cfc397e1fd","03-4500.O;03-4500.S","","","Manual selection required: choose the specific cost type candidate."
"purchase_order_sov_items","719cb1b9-8471-46ea-b112-eae1eec8e8e1","568c7ba0-be12-4f05-a8f8-a15c7e4c12cb","43","000050","000050","Approved","1","102813","102813","Cost of Contracts- Other","17000","ambiguous_typed_matches","b57faf81-e5c6-4582-9044-f00aa4f01178;3e46904e-5cc9-44b2-b986-1377f43369bc","10-2813.X;10-2813.S","9f7fd379-4da9-4d8e-b06f-15f903b98813","10-2813","Manual selection required: choose the specific cost type candidate."
"purchase_order_sov_items","99c36dea-42ce-4afc-9031-431083248ca3","568c7ba0-be12-4f05-a8f8-a15c7e4c12cb","43","000050","000050","Approved","2","102813","102813","Cost of Contracts- Other","2100","ambiguous_typed_matches","b57faf81-e5c6-4582-9044-f00aa4f01178;3e46904e-5cc9-44b2-b986-1377f43369bc","10-2813.X;10-2813.S","9f7fd379-4da9-4d8e-b06f-15f903b98813","10-2813","Manual selection required: choose the specific cost type candidate."
"purchase_order_sov_items","97f27714-58cb-495f-bde7-33f990f04b42","568c7ba0-be12-4f05-a8f8-a15c7e4c12cb","43","000050","000050","Approved","3","102813","102813","Cost of Contracts- Other","1257","ambiguous_typed_matches","b57faf81-e5c6-4582-9044-f00aa4f01178;3e46904e-5cc9-44b2-b986-1377f43369bc","10-2813.X;10-2813.S","9f7fd379-4da9-4d8e-b06f-15f903b98813","10-2813","Manual selection required: choose the specific cost type candidate."
"purchase_order_sov_items","a6ea05fc-86b4-4426-afff-8a84f22b8f1a","568c7ba0-be12-4f05-a8f8-a15c7e4c12cb","43","000050","000050","Approved","4","102813","102813","Cost of Contracts- Other","4400","ambiguous_typed_matches","b57faf81-e5c6-4582-9044-f00aa4f01178;3e46904e-5cc9-44b2-b986-1377f43369bc","10-2813.X;10-2813.S","9f7fd379-4da9-4d8e-b06f-15f903b98813","10-2813","Manual selection required: choose the specific cost type candidate."
"purchase_order_sov_items","f5a7ea2e-2f3b-427f-a694-25a5e6245bb3","568c7ba0-be12-4f05-a8f8-a15c7e4c12cb","43","000050","000050","Approved","5","102813","102813","Cost of Contracts- Other","5000","ambiguous_typed_matches","b57faf81-e5c6-4582-9044-f00aa4f01178;3e46904e-5cc9-44b2-b986-1377f43369bc","10-2813.X;10-2813.S","9f7fd379-4da9-4d8e-b06f-15f903b98813","10-2813","Manual selection required: choose the specific cost type candidate."
"purchase_order_sov_items","a0de48df-849f-4178-a8c5-bd9979781036","568c7ba0-be12-4f05-a8f8-a15c7e4c12cb","43","000050","000050","Approved","6","081113","081113","Cost of Contracts- Subco","606.69","ambiguous_typed_matches","9c227e72-c5d6-4c8f-b4e6-fe4346c802b0;cc697137-bc34-46c5-8aed-e856c93f5f5f","08-1113.M;08-1113.S","c10c4073-9f8c-49fe-abe6-a90c77960705","08-1113","Manual selection required: choose the specific cost type candidate."
"purchase_order_sov_items","86ad023b-2970-44fc-8f23-184bbf117c7d","568c7ba0-be12-4f05-a8f8-a15c7e4c12cb","43","000050","000050","Approved","7","102813","102813","Cost of Contracts- Subco","2552.68","ambiguous_typed_matches","b57faf81-e5c6-4582-9044-f00aa4f01178;3e46904e-5cc9-44b2-b986-1377f43369bc","10-2813.X;10-2813.S","9f7fd379-4da9-4d8e-b06f-15f903b98813","10-2813","Manual selection required: choose the specific cost type candidate."
"purchase_order_sov_items","1082dab4-9f7f-4872-aa61-822eed1e5edc","733b4e5e-a9b4-4f4a-9833-e4bffd743fbe","43","000085","Cost to provide inspection with tagging of all fire extingui","Complete","1","104416","104416","Cost of Contracts- Subco","120","ambiguous_typed_matches","19c69de6-58ae-4bd9-abb4-ce5d15a705eb;4df8eb32-899b-4359-b73d-e099c0367544","10-4416.M;10-4416.S","54e05b17-c7b7-40ca-815b-d4141ca35c50","10-4416","Manual selection required: choose the specific cost type candidate."
"purchase_order_sov_items","4f826c8a-ab11-47a2-9bea-f8621dc9defd","733b4e5e-a9b4-4f4a-9833-e4bffd743fbe","43","000085","Cost to provide inspection with tagging of all fire extingui","Complete","2","104416","104416","Cost of Contracts- Subco","105","ambiguous_typed_matches","19c69de6-58ae-4bd9-abb4-ce5d15a705eb;4df8eb32-899b-4359-b73d-e099c0367544","10-4416.M;10-4416.S","54e05b17-c7b7-40ca-815b-d4141ca35c50","10-4416","Manual selection required: choose the specific cost type candidate."
"purchase_order_sov_items","1a1d21e8-b20b-410c-9a18-1b4c5dc7f097","733b4e5e-a9b4-4f4a-9833-e4bffd743fbe","43","000085","Cost to provide inspection with tagging of all fire extingui","Complete","3","104416","104416","Cost of Contracts- Subco","35","ambiguous_typed_matches","19c69de6-58ae-4bd9-abb4-ce5d15a705eb;4df8eb32-899b-4359-b73d-e099c0367544","10-4416.M;10-4416.S","54e05b17-c7b7-40ca-815b-d4141ca35c50","10-4416","Manual selection required: choose the specific cost type candidate."
"purchase_order_sov_items","7c69c484-441a-43bd-8bd3-1fe14a3983a2","733b4e5e-a9b4-4f4a-9833-e4bffd743fbe","43","000085","Cost to provide inspection with tagging of all fire extingui","Complete","4","104416","104416","Cost of Contracts- Subco","7.35","ambiguous_typed_matches","19c69de6-58ae-4bd9-abb4-ce5d15a705eb;4df8eb32-899b-4359-b73d-e099c0367544","10-4416.M;10-4416.S","54e05b17-c7b7-40ca-815b-d4141ca35c50","10-4416","Manual selection required: choose the specific cost type candidate."
"purchase_order_sov_items","3d94965d-637d-4732-bc86-30b8473e4352","742f28ba-bfac-4e68-bd59-804f33a8ac32","761","PO-5347-0001","Acco Engineered Systems","Approved","1","23-7000","237000","Roof Top Units","530000","no_project_budget_code_match","","","","","Create/activate the missing project budget code or mark the row intentionally unmapped."
"purchase_order_sov_items","75ecb617-6bb8-46fa-90f0-03d2fd760eb8","774dc329-e155-4884-a829-24a8a54556bc","43","000059","000059","Complete","1","081113","081113","Cost of Contracts- Material","5532.42","ambiguous_typed_matches","9c227e72-c5d6-4c8f-b4e6-fe4346c802b0;cc697137-bc34-46c5-8aed-e856c93f5f5f","08-1113.M;08-1113.S","c10c4073-9f8c-49fe-abe6-a90c77960705","08-1113","Manual selection required: choose the specific cost type candidate."
"purchase_order_sov_items","ecc529db-f344-4512-a027-7de3a385607d","774dc329-e155-4884-a829-24a8a54556bc","43","000059","000059","Complete","2","081113","081113","Cost of Contracts- Material","600","ambiguous_typed_matches","9c227e72-c5d6-4c8f-b4e6-fe4346c802b0;cc697137-bc34-46c5-8aed-e856c93f5f5f","08-1113.M;08-1113.S","c10c4073-9f8c-49fe-abe6-a90c77960705","08-1113","Manual selection required: choose the specific cost type candidate."
"purchase_order_sov_items","080d92ea-974d-45c0-aef8-ab951ad494db","774dc329-e155-4884-a829-24a8a54556bc","43","000059","000059","Complete","3","081113","081113","Cost of Contracts- Material","1600","ambiguous_typed_matches","9c227e72-c5d6-4c8f-b4e6-fe4346c802b0;cc697137-bc34-46c5-8aed-e856c93f5f5f","08-1113.M;08-1113.S","c10c4073-9f8c-49fe-abe6-a90c77960705","08-1113","Manual selection required: choose the specific cost type candidate."
"purchase_order_sov_items","466fb3d2-9b8e-4983-9824-e9446f117253","774dc329-e155-4884-a829-24a8a54556bc","43","000059","000059","Complete","4","081113","081113","Cost of Contracts- Material","200","ambiguous_typed_matches","9c227e72-c5d6-4c8f-b4e6-fe4346c802b0;cc697137-bc34-46c5-8aed-e856c93f5f5f","08-1113.M;08-1113.S","c10c4073-9f8c-49fe-abe6-a90c77960705","08-1113","Manual selection required: choose the specific cost type candidate."
"purchase_order_sov_items","e98ef587-a1e0-4791-9c9c-333e2f777640","774dc329-e155-4884-a829-24a8a54556bc","43","000059","000059","Complete","5","081113","081113","Cost of Contracts- Material","1000","ambiguous_typed_matches","9c227e72-c5d6-4c8f-b4e6-fe4346c802b0;cc697137-bc34-46c5-8aed-e856c93f5f5f","08-1113.M;08-1113.S","c10c4073-9f8c-49fe-abe6-a90c77960705","08-1113","Manual selection required: choose the specific cost type candidate."
"purchase_order_sov_items","94e4ba2e-66db-4ac1-bf65-288f3803d9f9","774dc329-e155-4884-a829-24a8a54556bc","43","000059","000059","Complete","6","081113","081113","Cost of Contracts- Material","20000","ambiguous_typed_matches","9c227e72-c5d6-4c8f-b4e6-fe4346c802b0;cc697137-bc34-46c5-8aed-e856c93f5f5f","08-1113.M;08-1113.S","c10c4073-9f8c-49fe-abe6-a90c77960705","08-1113","Manual selection required: choose the specific cost type candidate."
"purchase_order_sov_items","2297f70d-6bea-43e2-a438-06410c89082e","774dc329-e155-4884-a829-24a8a54556bc","43","000059","000059","Complete","7","081113","081113","Cost of Contracts- Material","1500","ambiguous_typed_matches","9c227e72-c5d6-4c8f-b4e6-fe4346c802b0;cc697137-bc34-46c5-8aed-e856c93f5f5f","08-1113.M;08-1113.S","c10c4073-9f8c-49fe-abe6-a90c77960705","08-1113","Manual selection required: choose the specific cost type candidate."
"purchase_order_sov_items","3234c628-f860-44ab-b1a8-b2b92b037bd9","774dc329-e155-4884-a829-24a8a54556bc","43","000059","000059","Complete","8","081113","081113","Cost of Contracts- Material","200","ambiguous_typed_matches","9c227e72-c5d6-4c8f-b4e6-fe4346c802b0;cc697137-bc34-46c5-8aed-e856c93f5f5f","08-1113.M;08-1113.S","c10c4073-9f8c-49fe-abe6-a90c77960705","08-1113","Manual selection required: choose the specific cost type candidate."
"purchase_order_sov_items","425b2868-05d8-4c42-ab42-0c1a73910cb6","774dc329-e155-4884-a829-24a8a54556bc","43","000059","000059","Complete","9","081113","081113","Cost of Contracts- Material","200","ambiguous_typed_matches","9c227e72-c5d6-4c8f-b4e6-fe4346c802b0;cc697137-bc34-46c5-8aed-e856c93f5f5f","08-1113.M;08-1113.S","c10c4073-9f8c-49fe-abe6-a90c77960705","08-1113","Manual selection required: choose the specific cost type candidate."
"purchase_order_sov_items","dcbfab10-690a-4b90-af6c-56eab5ceb843","774dc329-e155-4884-a829-24a8a54556bc","43","000059","000059","Complete","10","081113","081113","Cost of Contracts- Material","1600","ambiguous_typed_matches","9c227e72-c5d6-4c8f-b4e6-fe4346c802b0;cc697137-bc34-46c5-8aed-e856c93f5f5f","08-1113.M;08-1113.S","c10c4073-9f8c-49fe-abe6-a90c77960705","08-1113","Manual selection required: choose the specific cost type candidate."
"purchase_order_sov_items","91c39dd3-b1d3-494f-888c-68efc4e068f2","774dc329-e155-4884-a829-24a8a54556bc","43","000059","000059","Complete","11","081113","081113","Cost of Contracts- Material","400","ambiguous_typed_matches","9c227e72-c5d6-4c8f-b4e6-fe4346c802b0;cc697137-bc34-46c5-8aed-e856c93f5f5f","08-1113.M;08-1113.S","c10c4073-9f8c-49fe-abe6-a90c77960705","08-1113","Manual selection required: choose the specific cost type candidate."
"purchase_order_sov_items","06c7a91f-17d9-49fb-b28e-aa43be0520b1","774dc329-e155-4884-a829-24a8a54556bc","43","000059","000059","Complete","12","081113","081113","Cost of Contracts- Material","20000","ambiguous_typed_matches","9c227e72-c5d6-4c8f-b4e6-fe4346c802b0;cc697137-bc34-46c5-8aed-e856c93f5f5f","08-1113.M;08-1113.S","c10c4073-9f8c-49fe-abe6-a90c77960705","08-1113","Manual selection required: choose the specific cost type candidate."
"purchase_order_sov_items","a3cd12ad-1939-4da5-8d90-1cb1d02a6e52","774dc329-e155-4884-a829-24a8a54556bc","43","000059","000059","Complete","13","081113","081113","Cost of Contracts- Material","2370","ambiguous_typed_matches","9c227e72-c5d6-4c8f-b4e6-fe4346c802b0;cc697137-bc34-46c5-8aed-e856c93f5f5f","08-1113.M;08-1113.S","c10c4073-9f8c-49fe-abe6-a90c77960705","08-1113","Manual selection required: choose the specific cost type candidate."
"purchase_order_sov_items","48224f73-735f-4a97-ad37-aab324a88d2f","774dc329-e155-4884-a829-24a8a54556bc","43","000059","000059","Complete","14","081113","081113","Cost of Contracts- Material","2897.01","ambiguous_typed_matches","9c227e72-c5d6-4c8f-b4e6-fe4346c802b0;cc697137-bc34-46c5-8aed-e856c93f5f5f","08-1113.M;08-1113.S","c10c4073-9f8c-49fe-abe6-a90c77960705","08-1113","Manual selection required: choose the specific cost type candidate."
"purchase_order_sov_items","bc8a8093-e015-44ca-a46e-b6d0914921cf","774dc329-e155-4884-a829-24a8a54556bc","43","000059","000059","Complete","15","081113","081113","Cost of Contracts- Subco","7221.07","ambiguous_typed_matches","9c227e72-c5d6-4c8f-b4e6-fe4346c802b0;cc697137-bc34-46c5-8aed-e856c93f5f5f","08-1113.M;08-1113.S","c10c4073-9f8c-49fe-abe6-a90c77960705","08-1113","Manual selection required: choose the specific cost type candidate."
"purchase_order_sov_items","5fb52755-5a86-4525-a3c7-91aa6022b5e5","786ea93c-2109-42e8-a4f0-d920f4b56264","767","PO-TEST-001","Test Purchase Order","Approved","1","","","Farming","10000","blank_code_nonzero_amount","","","","","Source data repair required: assign a project budget code before this financial amount can be trusted."
"purchase_order_sov_items","bbba96cf-3f4c-40d5-be8b-286127b216ed","7b55a96c-5a89-4d4d-876a-34a0ef328295","761","000066","Inclusions - Furnish (4) 50-ton packaged RTUs - Unit Model #","Approved","1","237000","237000","Cost of Contracts- Subco","530000","no_project_budget_code_match","","","","","Create/activate the missing project budget code or mark the row intentionally unmapped."
"purchase_order_sov_items","7e3c8b59-463a-40ba-a27b-0060cd61f315","8be7d783-baaf-42dc-b355-2358ea39d1ca","43","000081","The original 1""x4""x16' Kebony Board order was not enough mat","Complete","1","062000","062000","Cost of Contracts- Material","3880.5","ambiguous_typed_matches","7586b589-e309-461a-9dee-e03826740740;f266f595-13d9-4ee1-89e7-855661949bf9;606fd471-37b1-492b-b0ce-03121a071e50","06-2000.M;06-2000.X;06-2000.S","27db75d4-64ea-448d-b48e-44e10fba7070","06-2000","Manual selection required: choose the specific cost type candidate."
"purchase_order_sov_items","ce0bf676-0989-4e1a-ab26-cdeb519623d4","8be7d783-baaf-42dc-b355-2358ea39d1ca","43","000081","The original 1""x4""x16' Kebony Board order was not enough mat","Complete","2","062000","062000","Cost of Contracts- Material","150","ambiguous_typed_matches","7586b589-e309-461a-9dee-e03826740740;f266f595-13d9-4ee1-89e7-855661949bf9;606fd471-37b1-492b-b0ce-03121a071e50","06-2000.M;06-2000.X;06-2000.S","27db75d4-64ea-448d-b48e-44e10fba7070","06-2000","Manual selection required: choose the specific cost type candidate."
"purchase_order_sov_items","5d28aea8-4c76-49f3-b0ce-e1ede0201325","8be7d783-baaf-42dc-b355-2358ea39d1ca","43","000081","The original 1""x4""x16' Kebony Board order was not enough mat","Complete","3","062000","062000","Cost of Contracts- Material","271.64","ambiguous_typed_matches","7586b589-e309-461a-9dee-e03826740740;f266f595-13d9-4ee1-89e7-855661949bf9;606fd471-37b1-492b-b0ce-03121a071e50","06-2000.M;06-2000.X;06-2000.S","27db75d4-64ea-448d-b48e-44e10fba7070","06-2000","Manual selection required: choose the specific cost type candidate."
"purchase_order_sov_items","aa2fa8e7-405c-4026-b955-35406aab02cf","9e8dd5c0-3fc1-4515-a77f-37ee3d2c9402","879","000092","Provide and deliver to job site the following materials: Hea","Approved","1","211313","211313","Cost of Contracts- Subco","59974.8","no_project_budget_code_match","","","","","Create/activate the missing project budget code or mark the row intentionally unmapped."
"purchase_order_sov_items","45bf2465-545f-42ca-8b6d-f6750dbc5b4a","9e8dd5c0-3fc1-4515-a77f-37ee3d2c9402","879","000092","Provide and deliver to job site the following materials: Hea","Approved","2","211313","211313","Cost of Contracts- Subco","18956.3","no_project_budget_code_match","","","","","Create/activate the missing project budget code or mark the row intentionally unmapped."
"purchase_order_sov_items","554f7f4f-e50b-48df-8399-715f1bf2b210","a5ebc064-3f0e-4504-9a78-e8caaa3bc35b","876","PO-8344-0005","Exol Morrisville fire sprinkler system design","Draft","1","","","","0","blank_code_zero_amount","","","","","Can remain unmapped if row is intentionally zero-value, otherwise assign a project budget code."
"purchase_order_sov_items","e7470077-3d65-416d-81a8-0db1b5cfa923","b27bee18-9d25-4d31-a54f-145700317e02","31","000060","Provide and deliver to job site the following materials:  He","Approved","1","211313","211313","Cost of Contracts- Subco","263157.47","ambiguous_typed_matches","5614a895-0fcc-4b49-b713-7f3c9af02d99;28487d72-7489-4529-b30e-bb02d639382a;5958c2f5-11a1-4694-9121-dd4d64f4a52b;304ea55e-827a-484f-8d5a-4885a170bf32","21-1313.L;21-1313.X;21-1313.S;21-1313.M","a37d3f1e-4ea1-48f2-9e62-06d06c422449","21-1313","Manual selection required: choose the specific cost type candidate."
"purchase_order_sov_items","fdfaa5b7-52cd-4361-b85e-a6435e11d97e","b27bee18-9d25-4d31-a54f-145700317e02","31","000060","Provide and deliver to job site the following materials:  He","Approved","2","211313","211313","Cost of Contracts- Subco","175477.49","ambiguous_typed_matches","5614a895-0fcc-4b49-b713-7f3c9af02d99;28487d72-7489-4529-b30e-bb02d639382a;5958c2f5-11a1-4694-9121-dd4d64f4a52b;304ea55e-827a-484f-8d5a-4885a170bf32","21-1313.L;21-1313.X;21-1313.S;21-1313.M","a37d3f1e-4ea1-48f2-9e62-06d06c422449","21-1313","Manual selection required: choose the specific cost type candidate."
"purchase_order_sov_items","196926c0-350f-47fa-8e6f-5a317d27f3f0","c467bbc6-d631-463c-b6fc-439e636eb066","754","PO-8189-0001","Site Design","Approved","1","","","Alta survey with topography & utilities Prepare a topography survey of the project site including planimetric features, natural and finish grade elevations, sanitary sewers, utilities, drainage structures, contour map & site benchmarks.  Private Utility Locates Locate utilities including any gas, water, electric, communication, fiber optic cable, CATV & force mains.  Construction Documents Prepare a set of civil drawings including cover sheet, general notes, existing conditions/demo plan, site plan, erosion control plan, grading and drainage plan & details.  Permitting Assistance Assist with obtaining approval from the permitting agencies having jurisdiction over the project.  Meetings & Coordination Attend design team and municipality virtual/in-person meetings throughout the course of the project.  Variance Assistance  Assist with seeking a variance including preparing necessary applications, drawings and public notice material. Includes attending up to 2 project team conference calls and 1 in person public hearing.","37000","blank_code_nonzero_amount","","","","","Source data repair required: assign a project budget code before this financial amount can be trusted."
"purchase_order_sov_items","db99bdcd-9020-4eb4-abd2-1d00390376df","e1626622-d4e0-41e8-bf28-c58171ad40d2","67","PO-1773768397381","Concrete & Rebar Materials","Draft","1","","","Rebar #4 steel","4550","blank_code_nonzero_amount","","","","","Source data repair required: assign a project budget code before this financial amount can be trusted."
"purchase_order_sov_items","a1725a01-a708-46e0-80f4-1dc3bf4d8329","f248afe5-595f-4793-abd9-609ff200fb4e","43","000070","- Exterior wood siding for the north side of the Collective","Complete","1","062000","062000","Cost of Contracts- Material","19700","ambiguous_typed_matches","7586b589-e309-461a-9dee-e03826740740;f266f595-13d9-4ee1-89e7-855661949bf9;606fd471-37b1-492b-b0ce-03121a071e50","06-2000.M;06-2000.X;06-2000.S","27db75d4-64ea-448d-b48e-44e10fba7070","06-2000","Manual selection required: choose the specific cost type candidate."
"purchase_order_sov_items","a0016c0e-c7a5-4c24-8327-f2f29ec4ff68","f248afe5-595f-4793-abd9-609ff200fb4e","43","000070","- Exterior wood siding for the north side of the Collective","Complete","2","062000","062000","Cost of Contracts- Material","19125","ambiguous_typed_matches","7586b589-e309-461a-9dee-e03826740740;f266f595-13d9-4ee1-89e7-855661949bf9;606fd471-37b1-492b-b0ce-03121a071e50","06-2000.M;06-2000.X;06-2000.S","27db75d4-64ea-448d-b48e-44e10fba7070","06-2000","Manual selection required: choose the specific cost type candidate."
"purchase_order_sov_items","096e6685-e0ab-4644-b6c4-c5bfe4bd6aae","f248afe5-595f-4793-abd9-609ff200fb4e","43","000070","- Exterior wood siding for the north side of the Collective","Complete","3","062000","062000","Cost of Contracts- Material","2046","ambiguous_typed_matches","7586b589-e309-461a-9dee-e03826740740;f266f595-13d9-4ee1-89e7-855661949bf9;606fd471-37b1-492b-b0ce-03121a071e50","06-2000.M;06-2000.X;06-2000.S","27db75d4-64ea-448d-b48e-44e10fba7070","06-2000","Manual selection required: choose the specific cost type candidate."
"purchase_order_sov_items","b91e23ab-9f9b-46bf-a12d-73fa92a16d11","f248afe5-595f-4793-abd9-609ff200fb4e","43","000070","- Exterior wood siding for the north side of the Collective","Complete","4","062000","062000","Cost of Contracts- Material","150","ambiguous_typed_matches","7586b589-e309-461a-9dee-e03826740740;f266f595-13d9-4ee1-89e7-855661949bf9;606fd471-37b1-492b-b0ce-03121a071e50","06-2000.M;06-2000.X;06-2000.S","27db75d4-64ea-448d-b48e-44e10fba7070","06-2000","Manual selection required: choose the specific cost type candidate."
"purchase_order_sov_items","e265be76-cb69-47b9-9b30-7b1d5d752c96","f248afe5-595f-4793-abd9-609ff200fb4e","43","000070","- Exterior wood siding for the north side of the Collective","Complete","5","062000","062000","Cost of Contracts- Material","2860.97","ambiguous_typed_matches","7586b589-e309-461a-9dee-e03826740740;f266f595-13d9-4ee1-89e7-855661949bf9;606fd471-37b1-492b-b0ce-03121a071e50","06-2000.M;06-2000.X;06-2000.S","27db75d4-64ea-448d-b48e-44e10fba7070","06-2000","Manual selection required: choose the specific cost type candidate."
"purchase_order_sov_items","d44eb8f5-4885-4697-b849-7968defa71f6","f4a11d79-820f-4caa-a94b-9ae5f693a6dc","1008","000101","SCOPE OF SERVICES  KEG will provide professional Civil Engin","Approved","1","508500","508500","Cost of Contracts- Subco","5300","no_project_budget_code_match","","","","","Create/activate the missing project budget code or mark the row intentionally unmapped."
"purchase_order_sov_items","317f99fa-3956-4491-a39c-87216164c6aa","f4a11d79-820f-4caa-a94b-9ae5f693a6dc","1008","000101","SCOPE OF SERVICES  KEG will provide professional Civil Engin","Approved","2","508500","508500","Cost of Contracts- Subco","5300","no_project_budget_code_match","","","","","Create/activate the missing project budget code or mark the row intentionally unmapped."
"purchase_order_sov_items","bf832341-050f-446a-b829-e386a33d36be","f9f65efa-e099-4b52-95e8-df6477830885","67","PO-1773768090398","Electrical Supplies PO","Draft","1","","","Electrical wiring materials","0","blank_code_zero_amount","","","","","Can remain unmapped if row is intentionally zero-value, otherwise assign a project budget code."
"subcontract_sov_items","76770cf8-9e88-47f3-b2a3-b3ebac055eeb","00692857-a8a3-435b-bf69-93a19c0fe100","868","SC-000436","Provide labor, materials, permits, and equipment to complete","Approved","1","261000","261000","Cost of Contracts- Subco","26362","no_project_budget_code_match","","","","","Create/activate the missing project budget code or mark the row intentionally unmapped."
"subcontract_sov_items","b3441640-b6a3-4488-b60e-641734e960dc","00692857-a8a3-435b-bf69-93a19c0fe100","868","SC-000436","Provide labor, materials, permits, and equipment to complete","Approved","2","261000","261000","Cost of Contracts- Subco","11298","no_project_budget_code_match","","","","","Create/activate the missing project budget code or mark the row intentionally unmapped."
"subcontract_sov_items","eca70405-3e33-4606-8249-6d793ab00490","08ddd7a9-4fbf-4052-8e4e-24d12415005e","43","SC-000247","SC-000247","Complete","1","093000","093000","Cost of Contracts- Subco","110150","ambiguous_typed_matches","b2ae4245-3c07-45c3-9d49-9ebe7eb15237;fc3ad58a-b4c4-4619-a21c-87ac6b630a73","09-3000.X;09-3000.S","0d08eeb8-6e3d-4041-9572-bf7506dd8767","09-3000","Manual selection required: choose the specific cost type candidate."
"subcontract_sov_items","a2d53b0a-fc71-495d-8038-9c2a760146a7","08ddd7a9-4fbf-4052-8e4e-24d12415005e","43","SC-000247","SC-000247","Complete","2","093000","093000","Cost of Contracts- Subco","3000","ambiguous_typed_matches","b2ae4245-3c07-45c3-9d49-9ebe7eb15237;fc3ad58a-b4c4-4619-a21c-87ac6b630a73","09-3000.X;09-3000.S","0d08eeb8-6e3d-4041-9572-bf7506dd8767","09-3000","Manual selection required: choose the specific cost type candidate."
"subcontract_sov_items","37ca78b1-c9bf-48c0-9b2d-a394f05f2def","08ddd7a9-4fbf-4052-8e4e-24d12415005e","43","SC-000247","SC-000247","Complete","3","093000","093000","Cost of Contracts- Subco","3000","ambiguous_typed_matches","b2ae4245-3c07-45c3-9d49-9ebe7eb15237;fc3ad58a-b4c4-4619-a21c-87ac6b630a73","09-3000.X;09-3000.S","0d08eeb8-6e3d-4041-9572-bf7506dd8767","09-3000","Manual selection required: choose the specific cost type candidate."
"subcontract_sov_items","d002d901-ebd3-4981-b146-faa3ca3c6115","08ddd7a9-4fbf-4052-8e4e-24d12415005e","43","SC-000247","SC-000247","Complete","4","093000","093000","Cost of Contracts- Subco","6000","ambiguous_typed_matches","b2ae4245-3c07-45c3-9d49-9ebe7eb15237;fc3ad58a-b4c4-4619-a21c-87ac6b630a73","09-3000.X;09-3000.S","0d08eeb8-6e3d-4041-9572-bf7506dd8767","09-3000","Manual selection required: choose the specific cost type candidate."
"subcontract_sov_items","7c0d00e0-93df-45c1-a095-7a3e9b229aa2","08ddd7a9-4fbf-4052-8e4e-24d12415005e","43","SC-000247","SC-000247","Complete","6","093000","093000","Cost of Contracts- Subco","-7200","ambiguous_typed_matches","b2ae4245-3c07-45c3-9d49-9ebe7eb15237;fc3ad58a-b4c4-4619-a21c-87ac6b630a73","09-3000.X;09-3000.S","0d08eeb8-6e3d-4041-9572-bf7506dd8767","09-3000","Manual selection required: choose the specific cost type candidate."
"subcontract_sov_items","59903bc4-ce1c-43ba-8c16-fb8b747913f3","08ddd7a9-4fbf-4052-8e4e-24d12415005e","43","SC-000247","SC-000247","Complete","7","093000","093000","Cost of Contracts- Subco","-1600","ambiguous_typed_matches","b2ae4245-3c07-45c3-9d49-9ebe7eb15237;fc3ad58a-b4c4-4619-a21c-87ac6b630a73","09-3000.X;09-3000.S","0d08eeb8-6e3d-4041-9572-bf7506dd8767","09-3000","Manual selection required: choose the specific cost type candidate."
"subcontract_sov_items","d5765e6d-ba63-4086-93db-968fe9f6b1d5","1254d95b-91c6-472e-969f-3e929cb8c596","761","SC-5347-0002","Electrical","Approved","1","26-1000","261000","Mobilization","4035","no_project_budget_code_match","","","","","Create/activate the missing project budget code or mark the row intentionally unmapped."
"subcontract_sov_items","2848115f-35a9-42e3-abee-b5487d604adc","1254d95b-91c6-472e-969f-3e929cb8c596","761","SC-5347-0002","Electrical","Approved","2","26-1000","261000","Power Equipment","21200","no_project_budget_code_match","","","","","Create/activate the missing project budget code or mark the row intentionally unmapped."
"subcontract_sov_items","03ba37d9-a670-4094-9849-ccce481706c7","1254d95b-91c6-472e-969f-3e929cb8c596","761","SC-5347-0002","Electrical","Approved","3","26-1000","261000","Hunter Fans HVLS","52500","no_project_budget_code_match","","","","","Create/activate the missing project budget code or mark the row intentionally unmapped."
"subcontract_sov_items","4e00e16e-e07d-405e-878d-392947e2d908","1254d95b-91c6-472e-969f-3e929cb8c596","761","SC-5347-0002","Electrical","Approved","4","26-1000","261000","Rough Material","33000","no_project_budget_code_match","","","","","Create/activate the missing project budget code or mark the row intentionally unmapped."
"subcontract_sov_items","86c078b5-facd-45df-975a-7877606d3470","1254d95b-91c6-472e-969f-3e929cb8c596","761","SC-5347-0002","Electrical","Approved","5","27-4000","274000","Fire Alarm","53500","no_project_budget_code_match","","","","","Create/activate the missing project budget code or mark the row intentionally unmapped."
"subcontract_sov_items","20eabc08-185f-4143-83b5-e6bf894a6024","1254d95b-91c6-472e-969f-3e929cb8c596","761","SC-5347-0002","Electrical","Approved","6","26-1000","261000","Distribution Material","20000","no_project_budget_code_match","","","","","Create/activate the missing project budget code or mark the row intentionally unmapped."
"subcontract_sov_items","8fa935ed-48fe-469f-ae37-99d0e3138383","1254d95b-91c6-472e-969f-3e929cb8c596","761","SC-5347-0002","Electrical","Approved","7","26-1000","261000","Wire and Cable Material","46000","no_project_budget_code_match","","","","","Create/activate the missing project budget code or mark the row intentionally unmapped."
"subcontract_sov_items","04740333-c799-40d2-8755-d5aaa8250f01","1254d95b-91c6-472e-969f-3e929cb8c596","761","SC-5347-0002","Electrical","Approved","8","26-1000","261000","Finish and Fan Install","11000","no_project_budget_code_match","","","","","Create/activate the missing project budget code or mark the row intentionally unmapped."
"subcontract_sov_items","e8b8704c-1200-40e6-bd69-d11dab0f54b3","1254d95b-91c6-472e-969f-3e929cb8c596","761","SC-5347-0002","Electrical","Approved","9","26-1000","261000","Labor","99000","no_project_budget_code_match","","","","","Create/activate the missing project budget code or mark the row intentionally unmapped."
"subcontract_sov_items","23287605-aafc-4d0f-b728-2d197521876b","1254d95b-91c6-472e-969f-3e929cb8c596","761","SC-5347-0002","Electrical","Approved","10","26-1000","261000","Labor","4000","no_project_budget_code_match","","","","","Create/activate the missing project budget code or mark the row intentionally unmapped."
"subcontract_sov_items","9759b0b9-8e49-44c6-91ae-ed07abd3664e","1254d95b-91c6-472e-969f-3e929cb8c596","761","SC-5347-0002","Electrical","Approved","11","26-1000","261000","Wire and Cable Labor","47000","no_project_budget_code_match","","","","","Create/activate the missing project budget code or mark the row intentionally unmapped."
"subcontract_sov_items","b80407ab-d2e3-4372-b79e-892b2634ace1","12fb7378-817f-4af6-8676-f16a22c41afd","761","SC-000330","Electrical Subcontract","Approved","1","261000","261000","Cost of Contracts- Subco","70351.38","no_project_budget_code_match","","","","","Create/activate the missing project budget code or mark the row intentionally unmapped."
"subcontract_sov_items","d9a48b9d-2d37-457f-8a7b-a9ba029c50b6","12fb7378-817f-4af6-8676-f16a22c41afd","761","SC-000330","Electrical Subcontract","Approved","2","261000","261000","Cost of Contracts- Subco","4035","no_project_budget_code_match","","","","","Create/activate the missing project budget code or mark the row intentionally unmapped."
"subcontract_sov_items","31773065-66d8-4211-96d8-56ba2087cf94","12fb7378-817f-4af6-8676-f16a22c41afd","761","SC-000330","Electrical Subcontract","Approved","3","261000","261000","Cost of Contracts- Subco","52500","no_project_budget_code_match","","","","","Create/activate the missing project budget code or mark the row intentionally unmapped."
"subcontract_sov_items","f8661229-9088-4df3-b246-caad265706c7","12fb7378-817f-4af6-8676-f16a22c41afd","761","SC-000330","Electrical Subcontract","Approved","4","261000","261000","Cost of Contracts- Subco","21200","no_project_budget_code_match","","","","","Create/activate the missing project budget code or mark the row intentionally unmapped."
"subcontract_sov_items","36768b67-2432-497b-a542-19e2471a4d5a","12fb7378-817f-4af6-8676-f16a22c41afd","761","SC-000330","Electrical Subcontract","Approved","5","274000","274000","Cost of Contracts- Subco","53500","no_project_budget_code_match","","","","","Create/activate the missing project budget code or mark the row intentionally unmapped."
"subcontract_sov_items","b1f1f221-74d0-4b09-86d7-bca00286af30","12fb7378-817f-4af6-8676-f16a22c41afd","761","SC-000330","Electrical Subcontract","Approved","6","261000","261000","Cost of Contracts- Subco","33000","no_project_budget_code_match","","","","","Create/activate the missing project budget code or mark the row intentionally unmapped."
"subcontract_sov_items","939eff57-c289-47a7-b332-a220bf8816d8","12fb7378-817f-4af6-8676-f16a22c41afd","761","SC-000330","Electrical Subcontract","Approved","7","261000","261000","Cost of Contracts- Subco","46000","no_project_budget_code_match","","","","","Create/activate the missing project budget code or mark the row intentionally unmapped."
"subcontract_sov_items","e182a77e-be98-42d3-9a8e-990ed67225f3","12fb7378-817f-4af6-8676-f16a22c41afd","761","SC-000330","Electrical Subcontract","Approved","8","261000","261000","Cost of Contracts- Subco","20000","no_project_budget_code_match","","","","","Create/activate the missing project budget code or mark the row intentionally unmapped."
"subcontract_sov_items","0e84f940-ac19-4658-8627-32c8d39d0bc3","12fb7378-817f-4af6-8676-f16a22c41afd","761","SC-000330","Electrical Subcontract","Approved","9","261000","261000","Cost of Contracts- Subco","11000","no_project_budget_code_match","","","","","Create/activate the missing project budget code or mark the row intentionally unmapped."
"subcontract_sov_items","e0b7c392-6d65-448d-8237-90c83ca38666","12fb7378-817f-4af6-8676-f16a22c41afd","761","SC-000330","Electrical Subcontract","Approved","10","261000","261000","Cost of Contracts- Subco","99000","no_project_budget_code_match","","","","","Create/activate the missing project budget code or mark the row intentionally unmapped."
"subcontract_sov_items","41fd5f18-0906-4a27-98f6-5fb50a99f533","12fb7378-817f-4af6-8676-f16a22c41afd","761","SC-000330","Electrical Subcontract","Approved","11","261000","261000","Cost of Contracts- Subco","4000","no_project_budget_code_match","","","","","Create/activate the missing project budget code or mark the row intentionally unmapped."
"subcontract_sov_items","04850f74-f101-49d5-a6a7-150837b20e60","17943240-db2d-4051-bc4c-27c819fe739f","761","SC-000356","Relocate fire sprinkler piping in six areas per NFPA 13 (CA)","Approved","1","211313","211313","Cost of Contracts- Subco","38678","no_project_budget_code_match","","","","","Create/activate the missing project budget code or mark the row intentionally unmapped."
"subcontract_sov_items","e14ef0e0-6b3c-4a53-ac2c-fabd44baf9b2","1a9bccbc-31f0-4ff4-a5c1-8b7e7de92336","43","SC-000157","Westfield Collective Site Surveying","Complete","1","020150","020150","Cost of Contracts- Subco","4650","ambiguous_typed_matches","aac5c0fd-d460-43f7-b272-d241898ff22e;4608ce57-f5b3-486c-810c-2b263df6c86a","02-0150.X;02-0150.S","0033c011-7041-4e46-9643-b9c6657b62aa","02-0150","Manual selection required: choose the specific cost type candidate."
"subcontract_sov_items","7f36d2bd-1bba-4786-bab1-b5282e3ba6c1","1a9bccbc-31f0-4ff4-a5c1-8b7e7de92336","43","SC-000157","Westfield Collective Site Surveying","Complete","2","020150","020150","Cost of Contracts- Subco","3000","ambiguous_typed_matches","aac5c0fd-d460-43f7-b272-d241898ff22e;4608ce57-f5b3-486c-810c-2b263df6c86a","02-0150.X;02-0150.S","0033c011-7041-4e46-9643-b9c6657b62aa","02-0150","Manual selection required: choose the specific cost type candidate."
"subcontract_sov_items","9c0af4d8-eed9-46e3-8038-2ffd92b266b3","1a9bccbc-31f0-4ff4-a5c1-8b7e7de92336","43","SC-000157","Westfield Collective Site Surveying","Complete","3","020150","020150","Cost of Contracts- Subco","3000","ambiguous_typed_matches","aac5c0fd-d460-43f7-b272-d241898ff22e;4608ce57-f5b3-486c-810c-2b263df6c86a","02-0150.X;02-0150.S","0033c011-7041-4e46-9643-b9c6657b62aa","02-0150","Manual selection required: choose the specific cost type candidate."
"subcontract_sov_items","1570ef4b-00b8-429d-8763-c7fb16ba6331","1a9bccbc-31f0-4ff4-a5c1-8b7e7de92336","43","SC-000157","Westfield Collective Site Surveying","Complete","4","020150","020150","Cost of Contracts- Subco","3000","ambiguous_typed_matches","aac5c0fd-d460-43f7-b272-d241898ff22e;4608ce57-f5b3-486c-810c-2b263df6c86a","02-0150.X;02-0150.S","0033c011-7041-4e46-9643-b9c6657b62aa","02-0150","Manual selection required: choose the specific cost type candidate."
"subcontract_sov_items","75055b0f-0216-49be-9a0b-c51073244344","1a9bccbc-31f0-4ff4-a5c1-8b7e7de92336","43","SC-000157","Westfield Collective Site Surveying","Complete","5","020150","020150","Cost of Contracts- Subco","3000","ambiguous_typed_matches","aac5c0fd-d460-43f7-b272-d241898ff22e;4608ce57-f5b3-486c-810c-2b263df6c86a","02-0150.X;02-0150.S","0033c011-7041-4e46-9643-b9c6657b62aa","02-0150","Manual selection required: choose the specific cost type candidate."
"subcontract_sov_items","131d5cef-2567-484a-9f15-2e1ecd3b603e","1a9bccbc-31f0-4ff4-a5c1-8b7e7de92336","43","SC-000157","Westfield Collective Site Surveying","Complete","6","020150","020150","Cost of Contracts- Subco","3000","ambiguous_typed_matches","aac5c0fd-d460-43f7-b272-d241898ff22e;4608ce57-f5b3-486c-810c-2b263df6c86a","02-0150.X;02-0150.S","0033c011-7041-4e46-9643-b9c6657b62aa","02-0150","Manual selection required: choose the specific cost type candidate."
"subcontract_sov_items","2121c125-8458-4fc5-a1f8-6e89595ccecd","1a9bccbc-31f0-4ff4-a5c1-8b7e7de92336","43","SC-000157","Westfield Collective Site Surveying","Complete","7","020150","020150","Cost of Contracts- Subco","1500","ambiguous_typed_matches","aac5c0fd-d460-43f7-b272-d241898ff22e;4608ce57-f5b3-486c-810c-2b263df6c86a","02-0150.X;02-0150.S","0033c011-7041-4e46-9643-b9c6657b62aa","02-0150","Manual selection required: choose the specific cost type candidate."
"subcontract_sov_items","385eb1c2-5607-469a-b8de-12bf3adfa5d6","1f860de3-b689-4cde-8fc6-2e150d6f9c1d","868","SC-000440","This proposal is for the prep and painting of the interior o","Approved","1","099123","099123","Cost of Contracts- Subco","22100","no_project_budget_code_match","","","","","Create/activate the missing project budget code or mark the row intentionally unmapped."
"subcontract_sov_items","bead2b75-226f-4b04-a45a-3af383a076e3","201071d6-6b89-4d3f-beba-222813f53ebf","764","SC-000338","SC-000338","Complete","1","261000","261000","Cost of Contracts- Subco","36320","no_project_budget_code_match","","","","","Create/activate the missing project budget code or mark the row intentionally unmapped."
"subcontract_sov_items","d56da662-fa25-4980-8624-dfedb1289260","20ab813b-80bb-4c95-b679-c1e1ad30a7ee","67","SC-GAUNTLET-001-EDITED","Test Subcontract SC-GAUNTLET-001 EDITED","Draft","2","","","Framing","50000","blank_code_nonzero_amount","","","","","Source data repair required: assign a project budget code before this financial amount can be trusted."
"subcontract_sov_items","22c123c1-878d-41bb-b920-e0ca90f443d4","212572ec-f8de-4e64-acf1-d5733b3960af","25125","SC-000322","SC-000322","Complete","1","221000","221000","Cost of Contracts- Subco","133914.9","no_project_budget_code_match","","","","","Create/activate the missing project budget code or mark the row intentionally unmapped."
"subcontract_sov_items","4784197a-c24f-4a3b-b7d9-80ccd37f293d","22b37d7b-0cdf-4585-9463-26abdceb082e","869","SC-000420","Furnish and install one (1) Wayne-Dalton 8' x 9' dock seal a","Approved","1","111300","111300","Cost of Contracts- Subco","9937.35","no_project_budget_code_match","","","","","Create/activate the missing project budget code or mark the row intentionally unmapped."
"subcontract_sov_items","46a89326-f601-4a31-9c7a-239e6fa1ccee","239b772e-e908-4337-b6b9-2efbfecc283d","754","SC-8189-0008","","Approved","1","","","SC-8189-0008","160799","blank_code_nonzero_amount","","","","","Source data repair required: assign a project budget code before this financial amount can be trusted."
"subcontract_sov_items","f7bbb4aa-052f-40c2-a1b1-36f6993cd60a","2c3169cf-f855-44a3-80e4-07e10d124e70","754","SC-8189-0022","Materials Testing","Approved","1","","","Materials Testing","1700","blank_code_nonzero_amount","","","","","Source data repair required: assign a project budget code before this financial amount can be trusted."
"subcontract_sov_items","76aa4b6c-76ab-4622-9cf3-6e03b2940835","2d7fb791-c9a6-4090-97f9-c38f11537bd6","754","SC-8189-0005","","Approved","1","","","SC-8189-0005","71325","blank_code_nonzero_amount","","","","","Source data repair required: assign a project budget code before this financial amount can be trusted."
"subcontract_sov_items","d2ff444b-f71d-4ec0-9261-ffd1be23ebb5","2da545aa-2f0b-46c8-b745-dc56e14b8831","25125","SC-5092-0002","Framing, Drywall, Ceilings, Bathroom Accessories,  Doors, Frames & Hardware Install","Approved","1","09-2216","092216","Non-Structural Metal Framing","356501","no_project_budget_code_match","","","","","Create/activate the missing project budget code or mark the row intentionally unmapped."
"subcontract_sov_items","088cd354-4ea3-4aba-be77-10ba75e239b6","3330075b-e60e-4a6c-8a5b-76d0b3c5c81e","43","SC-000193","Site Testing Requirements","Complete","1","014523","014523","Cost of Contracts- Subco","3193","ambiguous_typed_matches","0e4f5392-b9ac-46c2-8237-f213cf7b36a1;9a3b9d9b-7b2b-4dc2-b536-ade24afbeb69","01-4523.X;01-4523.S","422caa3f-de62-469e-8555-5f102cdce42e","01-4523","Manual selection required: choose the specific cost type candidate."
"subcontract_sov_items","c6d9fa18-097d-49bd-a7b9-fbc67312e3d4","3330075b-e60e-4a6c-8a5b-76d0b3c5c81e","43","SC-000193","Site Testing Requirements","Complete","2","014523","014523","Cost of Contracts- Subco","490","ambiguous_typed_matches","0e4f5392-b9ac-46c2-8237-f213cf7b36a1;9a3b9d9b-7b2b-4dc2-b536-ade24afbeb69","01-4523.X;01-4523.S","422caa3f-de62-469e-8555-5f102cdce42e","01-4523","Manual selection required: choose the specific cost type candidate."
"subcontract_sov_items","983679a7-6ca3-4c1c-8ba5-ab010819c31b","3330075b-e60e-4a6c-8a5b-76d0b3c5c81e","43","SC-000193","Site Testing Requirements","Complete","3","014523","014523","Cost of Contracts- Subco","490","ambiguous_typed_matches","0e4f5392-b9ac-46c2-8237-f213cf7b36a1;9a3b9d9b-7b2b-4dc2-b536-ade24afbeb69","01-4523.X;01-4523.S","422caa3f-de62-469e-8555-5f102cdce42e","01-4523","Manual selection required: choose the specific cost type candidate."
"subcontract_sov_items","8e7b98e3-74c6-4717-8af5-a518293c4c45","3330075b-e60e-4a6c-8a5b-76d0b3c5c81e","43","SC-000193","Site Testing Requirements","Complete","4","014523","014523","Cost of Contracts- Subco","1365","ambiguous_typed_matches","0e4f5392-b9ac-46c2-8237-f213cf7b36a1;9a3b9d9b-7b2b-4dc2-b536-ade24afbeb69","01-4523.X;01-4523.S","422caa3f-de62-469e-8555-5f102cdce42e","01-4523","Manual selection required: choose the specific cost type candidate."
"subcontract_sov_items","67186de5-1962-4309-b7be-ab54493c85c8","3330075b-e60e-4a6c-8a5b-76d0b3c5c81e","43","SC-000193","Site Testing Requirements","Complete","5","014523","014523","Cost of Contracts- Subco","426","ambiguous_typed_matches","0e4f5392-b9ac-46c2-8237-f213cf7b36a1;9a3b9d9b-7b2b-4dc2-b536-ade24afbeb69","01-4523.X;01-4523.S","422caa3f-de62-469e-8555-5f102cdce42e","01-4523","Manual selection required: choose the specific cost type candidate."
"subcontract_sov_items","4a7f889b-bc09-4d4e-9fa0-79f88b06c768","3330075b-e60e-4a6c-8a5b-76d0b3c5c81e","43","SC-000193","Site Testing Requirements","Complete","6","014523","014523","Cost of Contracts- Subco","675","ambiguous_typed_matches","0e4f5392-b9ac-46c2-8237-f213cf7b36a1;9a3b9d9b-7b2b-4dc2-b536-ade24afbeb69","01-4523.X;01-4523.S","422caa3f-de62-469e-8555-5f102cdce42e","01-4523","Manual selection required: choose the specific cost type candidate."
"subcontract_sov_items","2f6350fb-8c61-4161-a7d5-2a8c67d4839d","3330075b-e60e-4a6c-8a5b-76d0b3c5c81e","43","SC-000193","Site Testing Requirements","Complete","7","014523","014523","Cost of Contracts- Subco","840","ambiguous_typed_matches","0e4f5392-b9ac-46c2-8237-f213cf7b36a1;9a3b9d9b-7b2b-4dc2-b536-ade24afbeb69","01-4523.X;01-4523.S","422caa3f-de62-469e-8555-5f102cdce42e","01-4523","Manual selection required: choose the specific cost type candidate."
"subcontract_sov_items","9dbf65b5-f5b9-4c93-8958-2163e5e324ca","3330075b-e60e-4a6c-8a5b-76d0b3c5c81e","43","SC-000193","Site Testing Requirements","Complete","8","014523","014523","Cost of Contracts- Subco","1625","ambiguous_typed_matches","0e4f5392-b9ac-46c2-8237-f213cf7b36a1;9a3b9d9b-7b2b-4dc2-b536-ade24afbeb69","01-4523.X;01-4523.S","422caa3f-de62-469e-8555-5f102cdce42e","01-4523","Manual selection required: choose the specific cost type candidate."
"subcontract_sov_items","3c86d40a-24b8-4c8b-a478-31f60a4771a5","334b0b5c-b467-410c-bf3d-fbb0261f470b","31","SC-000286","Fire Sprinkler Install","Complete","1","211313","211313","Cost of Contracts- Subco","169300","ambiguous_typed_matches","5614a895-0fcc-4b49-b713-7f3c9af02d99;28487d72-7489-4529-b30e-bb02d639382a;5958c2f5-11a1-4694-9121-dd4d64f4a52b;304ea55e-827a-484f-8d5a-4885a170bf32","21-1313.L;21-1313.X;21-1313.S;21-1313.M","a37d3f1e-4ea1-48f2-9e62-06d06c422449","21-1313","Manual selection required: choose the specific cost type candidate."
"subcontract_sov_items","91dec78d-3525-41a2-8fd2-c7d0edf5052e","334b0b5c-b467-410c-bf3d-fbb0261f470b","31","SC-000286","Fire Sprinkler Install","Complete","2","211313","211313","Cost of Contracts- Subco","57000","ambiguous_typed_matches","5614a895-0fcc-4b49-b713-7f3c9af02d99;28487d72-7489-4529-b30e-bb02d639382a;5958c2f5-11a1-4694-9121-dd4d64f4a52b;304ea55e-827a-484f-8d5a-4885a170bf32","21-1313.L;21-1313.X;21-1313.S;21-1313.M","a37d3f1e-4ea1-48f2-9e62-06d06c422449","21-1313","Manual selection required: choose the specific cost type candidate."
"subcontract_sov_items","df15cb5f-bd0a-4608-8f68-7e5b6b11915a","334b0b5c-b467-410c-bf3d-fbb0261f470b","31","SC-000286","Fire Sprinkler Install","Complete","3","211313","211313","Cost of Contracts- Subco","48700","ambiguous_typed_matches","5614a895-0fcc-4b49-b713-7f3c9af02d99;28487d72-7489-4529-b30e-bb02d639382a;5958c2f5-11a1-4694-9121-dd4d64f4a52b;304ea55e-827a-484f-8d5a-4885a170bf32","21-1313.L;21-1313.X;21-1313.S;21-1313.M","a37d3f1e-4ea1-48f2-9e62-06d06c422449","21-1313","Manual selection required: choose the specific cost type candidate."
"subcontract_sov_items","c917068b-82c4-4ceb-a825-b69e50496c37","334b0b5c-b467-410c-bf3d-fbb0261f470b","31","SC-000286","Fire Sprinkler Install","Complete","4","211313","211313","Cost of Contracts- Subco","9000","ambiguous_typed_matches","5614a895-0fcc-4b49-b713-7f3c9af02d99;28487d72-7489-4529-b30e-bb02d639382a;5958c2f5-11a1-4694-9121-dd4d64f4a52b;304ea55e-827a-484f-8d5a-4885a170bf32","21-1313.L;21-1313.X;21-1313.S;21-1313.M","a37d3f1e-4ea1-48f2-9e62-06d06c422449","21-1313","Manual selection required: choose the specific cost type candidate."
"subcontract_sov_items","ba063323-eff7-4b1e-9b3a-1978eeae17fb","334b0b5c-b467-410c-bf3d-fbb0261f470b","31","SC-000286","Fire Sprinkler Install","Complete","5","211313","211313","Cost of Contracts- Subco","193860","ambiguous_typed_matches","5614a895-0fcc-4b49-b713-7f3c9af02d99;28487d72-7489-4529-b30e-bb02d639382a;5958c2f5-11a1-4694-9121-dd4d64f4a52b;304ea55e-827a-484f-8d5a-4885a170bf32","21-1313.L;21-1313.X;21-1313.S;21-1313.M","a37d3f1e-4ea1-48f2-9e62-06d06c422449","21-1313","Manual selection required: choose the specific cost type candidate."
"subcontract_sov_items","e37362eb-99f4-42e0-a1da-0e76e645474b","334b0b5c-b467-410c-bf3d-fbb0261f470b","31","SC-000286","Fire Sprinkler Install","Complete","6","211313","211313","Cost of Contracts- Subco","5040","ambiguous_typed_matches","5614a895-0fcc-4b49-b713-7f3c9af02d99;28487d72-7489-4529-b30e-bb02d639382a;5958c2f5-11a1-4694-9121-dd4d64f4a52b;304ea55e-827a-484f-8d5a-4885a170bf32","21-1313.L;21-1313.X;21-1313.S;21-1313.M","a37d3f1e-4ea1-48f2-9e62-06d06c422449","21-1313","Manual selection required: choose the specific cost type candidate."
"subcontract_sov_items","2d311e45-a59b-409d-800f-88eaabd5a785","38480ead-593e-4f3c-a363-2b2283756dd7","869","SC-000424","This project consists of interior painting and finishing imp","Approved","1","099123","099123","Cost of Contracts- Subco","27750","no_project_budget_code_match","","","","","Create/activate the missing project budget code or mark the row intentionally unmapped."
"subcontract_sov_items","a782586d-cb39-4e4a-818b-a59aead6c3d0","387dc505-37fa-4dca-a81a-62928eea0d32","43","SC-000240","SC-000240","Approved","1","092216","092216","Cost of Contracts- Subco","126983","ambiguous_typed_matches","faf0698e-4b1f-493a-ace8-400fefed4869;18bfd48c-e091-4f67-a543-6ca875bbb549","09-2216.S;09-2216.L","ae830205-6a4c-4f41-9ee0-bab987297457","09-2216","Manual selection required: choose the specific cost type candidate."
"subcontract_sov_items","a18dceec-e018-4f35-92eb-130723af9a4d","387dc505-37fa-4dca-a81a-62928eea0d32","43","SC-000240","SC-000240","Approved","2","092216","092216","Cost of Contracts- Subco","10300","ambiguous_typed_matches","faf0698e-4b1f-493a-ace8-400fefed4869;18bfd48c-e091-4f67-a543-6ca875bbb549","09-2216.S;09-2216.L","ae830205-6a4c-4f41-9ee0-bab987297457","09-2216","Manual selection required: choose the specific cost type candidate."
"subcontract_sov_items","a7004cb8-7918-4666-aade-e3dd6c5cc8c2","387dc505-37fa-4dca-a81a-62928eea0d32","43","SC-000240","SC-000240","Approved","3","092216","092216","Cost of Contracts- Subco","8000","ambiguous_typed_matches","faf0698e-4b1f-493a-ace8-400fefed4869;18bfd48c-e091-4f67-a543-6ca875bbb549","09-2216.S;09-2216.L","ae830205-6a4c-4f41-9ee0-bab987297457","09-2216","Manual selection required: choose the specific cost type candidate."
"subcontract_sov_items","3b128b78-1551-4c70-ab79-f4adab199794","387dc505-37fa-4dca-a81a-62928eea0d32","43","SC-000240","SC-000240","Approved","4","092216","092216","Cost of Contracts- Subco","11500","ambiguous_typed_matches","faf0698e-4b1f-493a-ace8-400fefed4869;18bfd48c-e091-4f67-a543-6ca875bbb549","09-2216.S;09-2216.L","ae830205-6a4c-4f41-9ee0-bab987297457","09-2216","Manual selection required: choose the specific cost type candidate."
"subcontract_sov_items","6f9ae80f-355d-4bba-9b3c-f84294e9a80a","387dc505-37fa-4dca-a81a-62928eea0d32","43","SC-000240","SC-000240","Approved","5","092216","092216","Cost of Contracts- Subco","7100","ambiguous_typed_matches","faf0698e-4b1f-493a-ace8-400fefed4869;18bfd48c-e091-4f67-a543-6ca875bbb549","09-2216.S;09-2216.L","ae830205-6a4c-4f41-9ee0-bab987297457","09-2216","Manual selection required: choose the specific cost type candidate."
"subcontract_sov_items","aa5e521d-fd83-4a87-94d0-0ce316bb8c40","387dc505-37fa-4dca-a81a-62928eea0d32","43","SC-000240","SC-000240","Approved","6","092216","092216","Cost of Contracts- Subco","50000","ambiguous_typed_matches","faf0698e-4b1f-493a-ace8-400fefed4869;18bfd48c-e091-4f67-a543-6ca875bbb549","09-2216.S;09-2216.L","ae830205-6a4c-4f41-9ee0-bab987297457","09-2216","Manual selection required: choose the specific cost type candidate."
"subcontract_sov_items","ca18bf8b-6f98-49e1-89de-c6e621d91e23","387dc505-37fa-4dca-a81a-62928eea0d32","43","SC-000240","SC-000240","Approved","7","092216","092216","Cost of Contracts- Subco","75000","ambiguous_typed_matches","faf0698e-4b1f-493a-ace8-400fefed4869;18bfd48c-e091-4f67-a543-6ca875bbb549","09-2216.S;09-2216.L","ae830205-6a4c-4f41-9ee0-bab987297457","09-2216","Manual selection required: choose the specific cost type candidate."
"subcontract_sov_items","bbfa1258-4a92-4c0b-8470-361f3113d1e6","387dc505-37fa-4dca-a81a-62928eea0d32","43","SC-000240","SC-000240","Approved","8","092216","092216","Cost of Contracts- Subco","75000","ambiguous_typed_matches","faf0698e-4b1f-493a-ace8-400fefed4869;18bfd48c-e091-4f67-a543-6ca875bbb549","09-2216.S;09-2216.L","ae830205-6a4c-4f41-9ee0-bab987297457","09-2216","Manual selection required: choose the specific cost type candidate."
"subcontract_sov_items","3f985a4e-c9bf-42cb-b827-ff16bb22797f","387dc505-37fa-4dca-a81a-62928eea0d32","43","SC-000240","SC-000240","Approved","9","092216","092216","Cost of Contracts- Subco","27990","ambiguous_typed_matches","faf0698e-4b1f-493a-ace8-400fefed4869;18bfd48c-e091-4f67-a543-6ca875bbb549","09-2216.S;09-2216.L","ae830205-6a4c-4f41-9ee0-bab987297457","09-2216","Manual selection required: choose the specific cost type candidate."
"subcontract_sov_items","45aaec1a-a2da-4c4b-922b-e19a20877ff8","387dc505-37fa-4dca-a81a-62928eea0d32","43","SC-000240","SC-000240","Approved","10","092216","092216","Cost of Contracts- Subco","18696","ambiguous_typed_matches","faf0698e-4b1f-493a-ace8-400fefed4869;18bfd48c-e091-4f67-a543-6ca875bbb549","09-2216.S;09-2216.L","ae830205-6a4c-4f41-9ee0-bab987297457","09-2216","Manual selection required: choose the specific cost type candidate."
"subcontract_sov_items","61f947c3-681e-41c6-bcf7-9ccced80024c","387dc505-37fa-4dca-a81a-62928eea0d32","43","SC-000240","SC-000240","Approved","11","092216","092216","Cost of Contracts- Subco","17900","ambiguous_typed_matches","faf0698e-4b1f-493a-ace8-400fefed4869;18bfd48c-e091-4f67-a543-6ca875bbb549","09-2216.S;09-2216.L","ae830205-6a4c-4f41-9ee0-bab987297457","09-2216","Manual selection required: choose the specific cost type candidate."
"subcontract_sov_items","1d84d6a5-a7ce-4deb-aa41-18dbaa722f59","387dc505-37fa-4dca-a81a-62928eea0d32","43","SC-000240","SC-000240","Approved","12","092216","092216","Cost of Contracts- Subco","50000","ambiguous_typed_matches","faf0698e-4b1f-493a-ace8-400fefed4869;18bfd48c-e091-4f67-a543-6ca875bbb549","09-2216.S;09-2216.L","ae830205-6a4c-4f41-9ee0-bab987297457","09-2216","Manual selection required: choose the specific cost type candidate."
"subcontract_sov_items","748654dd-a474-4dc8-b194-e1346014f679","387dc505-37fa-4dca-a81a-62928eea0d32","43","SC-000240","SC-000240","Approved","13","092216","092216","Cost of Contracts- Subco","25000","ambiguous_typed_matches","faf0698e-4b1f-493a-ace8-400fefed4869;18bfd48c-e091-4f67-a543-6ca875bbb549","09-2216.S;09-2216.L","ae830205-6a4c-4f41-9ee0-bab987297457","09-2216","Manual selection required: choose the specific cost type candidate."
"subcontract_sov_items","9abc41f8-d7d5-4864-b2f5-1ca3c1d354ff","387dc505-37fa-4dca-a81a-62928eea0d32","43","SC-000240","SC-000240","Approved","14","092216","092216","Cost of Contracts- Subco","20000","ambiguous_typed_matches","faf0698e-4b1f-493a-ace8-400fefed4869;18bfd48c-e091-4f67-a543-6ca875bbb549","09-2216.S;09-2216.L","ae830205-6a4c-4f41-9ee0-bab987297457","09-2216","Manual selection required: choose the specific cost type candidate."
"subcontract_sov_items","76e6948f-a49f-4931-94ec-4e3054f6285a","387dc505-37fa-4dca-a81a-62928eea0d32","43","SC-000240","SC-000240","Approved","15","092216","092216","Cost of Contracts- Subco","25000","ambiguous_typed_matches","faf0698e-4b1f-493a-ace8-400fefed4869;18bfd48c-e091-4f67-a543-6ca875bbb549","09-2216.S;09-2216.L","ae830205-6a4c-4f41-9ee0-bab987297457","09-2216","Manual selection required: choose the specific cost type candidate."
"subcontract_sov_items","28e748f4-fe98-416f-abbd-3305a8707ca5","387dc505-37fa-4dca-a81a-62928eea0d32","43","SC-000240","SC-000240","Approved","16","092216","092216","Cost of Contracts- Subco","3500","ambiguous_typed_matches","faf0698e-4b1f-493a-ace8-400fefed4869;18bfd48c-e091-4f67-a543-6ca875bbb549","09-2216.S;09-2216.L","ae830205-6a4c-4f41-9ee0-bab987297457","09-2216","Manual selection required: choose the specific cost type candidate."
"subcontract_sov_items","b9cdb3f5-b12e-4b3b-913f-48f73b53c9a1","387dc505-37fa-4dca-a81a-62928eea0d32","43","SC-000240","SC-000240","Approved","17","081113","081113","Cost of Contracts- Subco","3125","ambiguous_typed_matches","9c227e72-c5d6-4c8f-b4e6-fe4346c802b0;cc697137-bc34-46c5-8aed-e856c93f5f5f","08-1113.M;08-1113.S","c10c4073-9f8c-49fe-abe6-a90c77960705","08-1113","Manual selection required: choose the specific cost type candidate."
"subcontract_sov_items","5492145a-886e-4656-8dbb-fa2aca188f34","387dc505-37fa-4dca-a81a-62928eea0d32","43","SC-000240","SC-000240","Approved","18","092216","092216","Cost of Contracts- Labor","1320","ambiguous_typed_matches","faf0698e-4b1f-493a-ace8-400fefed4869;18bfd48c-e091-4f67-a543-6ca875bbb549","09-2216.S;09-2216.L","ae830205-6a4c-4f41-9ee0-bab987297457","09-2216","Manual selection required: choose the specific cost type candidate."
"subcontract_sov_items","f2870ae7-f869-4dda-94a5-cbf2eb5a936a","387dc505-37fa-4dca-a81a-62928eea0d32","43","SC-000240","SC-000240","Approved","19","092216","092216","Cost of Contracts- Subco","-11880","ambiguous_typed_matches","faf0698e-4b1f-493a-ace8-400fefed4869;18bfd48c-e091-4f67-a543-6ca875bbb549","09-2216.S;09-2216.L","ae830205-6a4c-4f41-9ee0-bab987297457","09-2216","Manual selection required: choose the specific cost type candidate."
"subcontract_sov_items","ff9aeaf3-d907-4ef0-9a5b-39e83d512d65","387dc505-37fa-4dca-a81a-62928eea0d32","43","SC-000240","SC-000240","Approved","20","093000","093000","Cost of Contracts- Subco","875","ambiguous_typed_matches","b2ae4245-3c07-45c3-9d49-9ebe7eb15237;fc3ad58a-b4c4-4619-a21c-87ac6b630a73","09-3000.X;09-3000.S","0d08eeb8-6e3d-4041-9572-bf7506dd8767","09-3000","Manual selection required: choose the specific cost type candidate."
"subcontract_sov_items","8044f05b-ba7d-458e-b719-654e9a1fdd76","387dc505-37fa-4dca-a81a-62928eea0d32","43","SC-000240","SC-000240","Approved","21","092216","092216","Cost of Contracts- Subco","-1600","ambiguous_typed_matches","faf0698e-4b1f-493a-ace8-400fefed4869;18bfd48c-e091-4f67-a543-6ca875bbb549","09-2216.S;09-2216.L","ae830205-6a4c-4f41-9ee0-bab987297457","09-2216","Manual selection required: choose the specific cost type candidate."
"subcontract_sov_items","51b1e035-12af-4b19-a097-a6f021f15726","387dc505-37fa-4dca-a81a-62928eea0d32","43","SC-000240","SC-000240","Approved","22","092216","092216","Cost of Contracts- Subco","-10400","ambiguous_typed_matches","faf0698e-4b1f-493a-ace8-400fefed4869;18bfd48c-e091-4f67-a543-6ca875bbb549","09-2216.S;09-2216.L","ae830205-6a4c-4f41-9ee0-bab987297457","09-2216","Manual selection required: choose the specific cost type candidate."
"subcontract_sov_items","6f956527-42f8-4459-a47e-9610c62e3a96","387dc505-37fa-4dca-a81a-62928eea0d32","43","SC-000240","SC-000240","Approved","23","092216","092216","Cost of Contracts- Subco","-7550","ambiguous_typed_matches","faf0698e-4b1f-493a-ace8-400fefed4869;18bfd48c-e091-4f67-a543-6ca875bbb549","09-2216.S;09-2216.L","ae830205-6a4c-4f41-9ee0-bab987297457","09-2216","Manual selection required: choose the specific cost type candidate."
"subcontract_sov_items","e4d47e7f-7e48-4f14-bc2a-0bb4bd6c6a94","3e12074b-522c-48dc-ba18-a7b46d866275","869","SC-000422","Fabricate and install custom cabinetry and millwork for the","Approved","1","123000","123000","Cost of Contracts- Subco","2470","no_project_budget_code_match","","","","","Create/activate the missing project budget code or mark the row intentionally unmapped."
"subcontract_sov_items","e289a5ea-1bea-4b36-a27f-d9d9696eeb5c","3e75b16d-e3c1-4cfa-95aa-df5efd455b79","814","SC-067","Delta","Draft","1","","","","0","blank_code_zero_amount","","","","","Can remain unmapped if row is intentionally zero-value, otherwise assign a project budget code."
"subcontract_sov_items","38602078-e2dd-4c31-bbc2-c4b611e8d992","40d567e2-d1b9-4cd0-94cf-b7156f7d1170","761","SC-000355","Relocate fire sprinkler piping in six areas per NFPA 13 (CA)","Approved","1","211313","211313","Cost of Contracts- Subco","7684","no_project_budget_code_match","","","","","Create/activate the missing project budget code or mark the row intentionally unmapped."
"subcontract_sov_items","bf95ef28-68a6-431b-874a-c6447ba917b2","43ee7008-a224-46d3-b3a7-2af72c2b1133","833","SC-000276","SC-000276","Approved","4","123000","123000","Cost of Contracts- Subco","7750","no_project_budget_code_match","","","","","Create/activate the missing project budget code or mark the row intentionally unmapped."
"subcontract_sov_items","25f5e1ba-af16-47fc-b2ac-dfd7be9a7ca2","48b4e482-dd58-4935-9fe8-9812be3d6f94","25125","SC-000343","SC-000343","Complete","1","261000","261000","Cost of Contracts- Subco","288292.68","no_project_budget_code_match","","","","","Create/activate the missing project budget code or mark the row intentionally unmapped."
"subcontract_sov_items","1199f83a-5938-4110-a40d-92e666432fa0","4ae8bf6e-1470-4707-bf5e-9fc09f867493","25125","SC-5092-0001","Ceiling Demo","Approved","1","02-4113","024113","Removal of all ceiling tiles and disposal of ceiling tiles in dumpster	","10000","no_project_budget_code_match","","","","","Create/activate the missing project budget code or mark the row intentionally unmapped."
"subcontract_sov_items","0798a755-f9ad-4163-90db-30eb9f2631a4","4d7a6b0b-1501-43fe-9db0-2b6b6ce02f5a","25125","SC-000324","SC-000324","Complete","1","092216","092216","Cost of Contracts- Subco","441916","no_project_budget_code_match","","","","","Create/activate the missing project budget code or mark the row intentionally unmapped."
"subcontract_sov_items","0a918a77-3170-4841-b64a-c8746993841e","4d7a6b0b-1501-43fe-9db0-2b6b6ce02f5a","25125","SC-000324","SC-000324","Complete","2","092216","092216","Cost of Contracts- Subco","-1900","no_project_budget_code_match","","","","","Create/activate the missing project budget code or mark the row intentionally unmapped."
"subcontract_sov_items","b30647b1-28c7-4be1-8e54-6f3dbf90f155","4d7a6b0b-1501-43fe-9db0-2b6b6ce02f5a","25125","SC-000324","SC-000324","Complete","3","092216","092216","Cost of Contracts- Subco","-5360","no_project_budget_code_match","","","","","Create/activate the missing project budget code or mark the row intentionally unmapped."
"subcontract_sov_items","91ee0bec-4e2a-4cfe-91a9-c90382a1d351","4d7a6b0b-1501-43fe-9db0-2b6b6ce02f5a","25125","SC-000324","SC-000324","Complete","4","092216","092216","Cost of Contracts- Subco","-26000","no_project_budget_code_match","","","","","Create/activate the missing project budget code or mark the row intentionally unmapped."
"subcontract_sov_items","7ba7bc79-cb61-4e16-bd4e-ab338c404d60","4da1d008-30bd-48f4-ae1e-5db022feca04","67","SC-FULL-001","Full Fields Subcontract","Draft","1","","","Foundation Work","60000","blank_code_nonzero_amount","","","","","Source data repair required: assign a project budget code before this financial amount can be trusted."
"subcontract_sov_items","b485b68c-08e5-446c-8eed-e8333eb16f15","4da1d008-30bd-48f4-ae1e-5db022feca04","67","SC-FULL-001","Full Fields Subcontract","Draft","2","","","Framing Work","40000","blank_code_nonzero_amount","","","","","Source data repair required: assign a project budget code before this financial amount can be trusted."
"subcontract_sov_items","2e1f370e-830b-4afe-97b9-89703db83fdd","50c4cb69-0974-45d3-8296-1adc7f74020c","1034","SC-001","09-Flooring & Tile","Approved","1","09-6200","096200","Flooring Submittals","500","no_project_budget_code_match","","","","","Create/activate the missing project budget code or mark the row intentionally unmapped."
"subcontract_sov_items","82108e64-0b86-4375-87a6-3de8ac8f3155","50c4cb69-0974-45d3-8296-1adc7f74020c","1034","SC-001","09-Flooring & Tile","Approved","2","09-6200","096200","Flooring Materials","10000","no_project_budget_code_match","","","","","Create/activate the missing project budget code or mark the row intentionally unmapped."
"subcontract_sov_items","7f7aca29-772d-4632-ae9e-e2e097a16d06","50c4cb69-0974-45d3-8296-1adc7f74020c","1034","SC-001","09-Flooring & Tile","Approved","3","09-6200","096200","Flooring Installation Labor","7500","no_project_budget_code_match","","","","","Create/activate the missing project budget code or mark the row intentionally unmapped."
"subcontract_sov_items","edeb6844-9dec-4768-a5cd-763ecb4ce0aa","51c8ab22-7f47-4207-bd04-ca890b568708","31","SC-000243","SC-000243","Complete","1","221000","221000","Cost of Contracts- Subco","2813.6","ambiguous_typed_matches","71c4d30b-6e51-4886-a7db-3a30488ffca5;808701b0-dfb9-4eb5-8ce3-4af30f6ec6a2","22-1000.L;22-1000.S","2412b41e-8a4b-4a34-9bca-b5362c1a1a8c","22-1000","Manual selection required: choose the specific cost type candidate."
"subcontract_sov_items","61b74dc5-5f0c-41cd-8ea3-e6b5899e12cb","51c8ab22-7f47-4207-bd04-ca890b568708","31","SC-000243","SC-000243","Complete","2","221000","221000","Cost of Contracts- Subco","3600","ambiguous_typed_matches","71c4d30b-6e51-4886-a7db-3a30488ffca5;808701b0-dfb9-4eb5-8ce3-4af30f6ec6a2","22-1000.L;22-1000.S","2412b41e-8a4b-4a34-9bca-b5362c1a1a8c","22-1000","Manual selection required: choose the specific cost type candidate."
"subcontract_sov_items","f36ef110-8926-41b3-b6ee-5486528c38ed","51c8ab22-7f47-4207-bd04-ca890b568708","31","SC-000243","SC-000243","Complete","3","221000","221000","Cost of Contracts- Subco","27975","ambiguous_typed_matches","71c4d30b-6e51-4886-a7db-3a30488ffca5;808701b0-dfb9-4eb5-8ce3-4af30f6ec6a2","22-1000.L;22-1000.S","2412b41e-8a4b-4a34-9bca-b5362c1a1a8c","22-1000","Manual selection required: choose the specific cost type candidate."
"subcontract_sov_items","cd75ac39-accd-4129-9bba-f0f52ce9d7e9","51c8ab22-7f47-4207-bd04-ca890b568708","31","SC-000243","SC-000243","Complete","4","221500","221500","Cost of Contracts- Subco","34209.22","ambiguous_typed_matches","ca750113-bc19-426a-97fc-92648ecb3cad;415071f7-5a0f-4ecb-b8ee-db55eaf8723e","22-1500.L;22-1500.S","bc9c08f7-5d25-4ebe-bc5b-bcc5fefdf35f","22-1500","Manual selection required: choose the specific cost type candidate."
"subcontract_sov_items","58cf5ad1-0f72-48d4-ac8d-b66a86a9f1a2","51c8ab22-7f47-4207-bd04-ca890b568708","31","SC-000243","SC-000243","Complete","5","014126","014126","Cost of Contracts- Subco","2000","ambiguous_typed_matches","27881062-4f79-4f5c-89f9-fe7e20d0b73c;9296f839-befe-46fe-8aab-7cdbc336e1bd;872b1e98-ba79-4f91-9072-03c31f88dd69","01-4126.L;01-4126.X;01-4126.S","1b3b4c42-ad9c-4858-a02a-ca7755a33d32","01-4126","Manual selection required: choose the specific cost type candidate."
"subcontract_sov_items","ca642476-0c78-4870-82e9-a0748d61d5cd","51c8ab22-7f47-4207-bd04-ca890b568708","31","SC-000243","SC-000243","Complete","6","221500","221500","Cost of Contracts- Subco","210950","ambiguous_typed_matches","ca750113-bc19-426a-97fc-92648ecb3cad;415071f7-5a0f-4ecb-b8ee-db55eaf8723e","22-1500.L;22-1500.S","bc9c08f7-5d25-4ebe-bc5b-bcc5fefdf35f","22-1500","Manual selection required: choose the specific cost type candidate."
"subcontract_sov_items","c4e0d209-73a0-4385-9129-f7fc141ad8d8","52e0828f-d567-4619-ae48-97c1d441f9e7","868","SC-000438","Extend and relocate existing HVAC return air ductwork to acc","Approved","1","233000","233000","Cost of Contracts- Subco","8230","no_project_budget_code_match","","","","","Create/activate the missing project budget code or mark the row intentionally unmapped."
"subcontract_sov_items","359ad0e2-07ad-4f89-941e-56699462b16b","56183f43-c275-4256-85bf-0105af419333","870","SC-000427","Provide all labor, materials, equipment, and supervision nec","Approved","1","033500","033500","Cost of Contracts- Subco","3800","no_project_budget_code_match","","","","","Create/activate the missing project budget code or mark the row intentionally unmapped."
"subcontract_sov_items","cc2ff2fd-7ab7-4411-97d9-57e8e329b14e","56183f43-c275-4256-85bf-0105af419333","870","SC-000427","Provide all labor, materials, equipment, and supervision nec","Approved","2","033500","033500","Cost of Contracts- Subco","600","no_project_budget_code_match","","","","","Create/activate the missing project budget code or mark the row intentionally unmapped."
"subcontract_sov_items","197af7d3-de3e-4aa0-b433-ce47c4901389","568def3b-210e-403b-bcb1-b2758df142b8","754","SC-8189-0014","","Approved","1","","","SC-8189-0014","16955","blank_code_nonzero_amount","","","","","Source data repair required: assign a project budget code before this financial amount can be trusted."
"subcontract_sov_items","b35eaacb-1fa1-4b9c-b245-066f476a07be","57ba3a62-c92d-4ffd-ac18-66bafd06d8bf","25125","SC-000334","SC-000334","Complete","1","075300","075300","Cost of Contracts- Subco","38860","no_project_budget_code_match","","","","","Create/activate the missing project budget code or mark the row intentionally unmapped."
"subcontract_sov_items","394f0797-bf0d-4f44-8944-0fb419d6248b","59e1a0f1-592e-4c15-b030-cd8764a91765","865","SC-000381","Demo & remove the existing Plumbing Fixtures from Employee &","Approved","1","221000","221000","Cost of Contracts- Subco","15059.5","no_project_budget_code_match","","","","","Create/activate the missing project budget code or mark the row intentionally unmapped."
"subcontract_sov_items","8f0b742a-76ef-43ba-ba22-7e85218b6edb","5f77dad7-352a-414b-95ba-601858e3b192","870","SC-000391","We propose to provide dock shelter systems as part of the ba","Approved","1","111300","111300","Cost of Contracts- Subco","10597.89","no_project_budget_code_match","","","","","Create/activate the missing project budget code or mark the row intentionally unmapped."
"subcontract_sov_items","4922747e-1278-4ec2-9f2a-8a5a18b49449","5fa53091-5895-4af6-bdab-a2b9ec27f065","868","SC-000428","Subcontractor shall provide all labor, materials, equipment,","Approved","1","061000","061000","Cost of Contracts- Subco","900","no_project_budget_code_match","","","","","Create/activate the missing project budget code or mark the row intentionally unmapped."
"subcontract_sov_items","29af5300-4447-4483-b3d7-e4928efdce78","5fa53091-5895-4af6-bdab-a2b9ec27f065","868","SC-000428","Subcontractor shall provide all labor, materials, equipment,","Approved","2","061000","061000","Cost of Contracts- Subco","1235","no_project_budget_code_match","","","","","Create/activate the missing project budget code or mark the row intentionally unmapped."
"subcontract_sov_items","f44c7faf-b413-4ead-830e-43305eaedd6c","6424af5e-8fd4-41c1-b854-1b164378f0c3","871","SC-000352","Includes all demo, framing, drywall, ceilings and EIFS work.","Approved","1","095100","095100","Cost of Contracts- Subco","1275","no_project_budget_code_match","","","","","Create/activate the missing project budget code or mark the row intentionally unmapped."
"subcontract_sov_items","fd5ad6bf-9b9f-4e09-a159-62d7be4bfdc2","6424af5e-8fd4-41c1-b854-1b164378f0c3","871","SC-000352","Includes all demo, framing, drywall, ceilings and EIFS work.","Approved","3","024113","024113","Cost of Contracts- Subco","4800","no_project_budget_code_match","","","","","Create/activate the missing project budget code or mark the row intentionally unmapped."
"subcontract_sov_items","c976a1d5-11d8-45f5-942e-eb1f3f2c7aff","64fb646b-1d23-4967-ab91-f5581382d8da","767","SC-1773771075150446","Best team","Draft","1","","","","1230","blank_code_nonzero_amount","","","","","Source data repair required: assign a project budget code before this financial amount can be trusted."
"subcontract_sov_items","16b54bdd-b88b-43ac-885c-4630c619b7ff","66ebac5c-23cc-42f2-834e-e582a415cc81","31","SC-000287","SC-000287","Approved","1","015626","015626","Cost of Contracts- Subco","2825.7","ambiguous_typed_matches","5375615d-442a-4367-a383-1f3d75346c3f;4d0b6c84-5ece-41d3-b316-dbb543baaeec","01-5626.L;01-5626.S","fcab17cb-0f93-4992-b68b-95fc7f3e1d72","01-5626","Manual selection required: choose the specific cost type candidate."
"subcontract_sov_items","c63abaf8-43f0-404f-bf25-1c31d7af0ca0","66ebac5c-23cc-42f2-834e-e582a415cc81","31","SC-000287","SC-000287","Approved","2","015626","015626","Cost of Contracts- Subco","6029.93","ambiguous_typed_matches","5375615d-442a-4367-a383-1f3d75346c3f;4d0b6c84-5ece-41d3-b316-dbb543baaeec","01-5626.L;01-5626.S","fcab17cb-0f93-4992-b68b-95fc7f3e1d72","01-5626","Manual selection required: choose the specific cost type candidate."
"subcontract_sov_items","6e57107a-0a3d-4ef2-ba97-a10deb827a1e","66ebac5c-23cc-42f2-834e-e582a415cc81","31","SC-000287","SC-000287","Approved","3","015626","015626","Cost of Contracts- Subco","14877.01","ambiguous_typed_matches","5375615d-442a-4367-a383-1f3d75346c3f;4d0b6c84-5ece-41d3-b316-dbb543baaeec","01-5626.L;01-5626.S","fcab17cb-0f93-4992-b68b-95fc7f3e1d72","01-5626","Manual selection required: choose the specific cost type candidate."
"subcontract_sov_items","9509dede-30a2-4474-8fb8-f72adddaa92f","67429bc4-ddde-472c-b2d3-09fc815e0c11","43","SC-000233","SC-000233","Complete","1","078400","078400","Cost of Contracts- Subco","16966","ambiguous_typed_matches","8c4e0631-db86-4191-a9d5-fd0090705e44;2cc58483-5f2f-4db5-9b38-d3cdc9514a59","07-8400.X;07-8400.S","377f83e0-eae6-4023-b2a1-c69eada7f74d","07-8400","Manual selection required: choose the specific cost type candidate."
"subcontract_sov_items","ff27c28a-c72a-4571-87e2-091f411cae46","67429bc4-ddde-472c-b2d3-09fc815e0c11","43","SC-000233","SC-000233","Complete","2","078400","078400","Cost of Contracts- Subco","7500","ambiguous_typed_matches","8c4e0631-db86-4191-a9d5-fd0090705e44;2cc58483-5f2f-4db5-9b38-d3cdc9514a59","07-8400.X;07-8400.S","377f83e0-eae6-4023-b2a1-c69eada7f74d","07-8400","Manual selection required: choose the specific cost type candidate."
"subcontract_sov_items","309173b1-b7c9-4eeb-8310-2f5d18008e13","6988a3fa-9e2c-46d8-b0d2-3b4621c32cc2","869","SC-000421","Provide labor, materials, equipment, and supervision to inst","Approved","1","26-1000","261000","Cost of Contracts- Subco","1320","no_project_budget_code_match","","","","","Create/activate the missing project budget code or mark the row intentionally unmapped."
"subcontract_sov_items","ad3669cd-11f1-49f7-b488-56e47235c282","6988a3fa-9e2c-46d8-b0d2-3b4621c32cc2","869","SC-000421","Provide labor, materials, equipment, and supervision to inst","Approved","2","261000","261000","Cost of Contracts- Subco","1630","no_project_budget_code_match","","","","","Create/activate the missing project budget code or mark the row intentionally unmapped."
"subcontract_sov_items","95944eb0-b1d7-451e-82f5-57245f95e7dc","6988a3fa-9e2c-46d8-b0d2-3b4621c32cc2","869","SC-000421","Provide labor, materials, equipment, and supervision to inst","Approved","3","261000","261000","Cost of Contracts- Subco","4690","no_project_budget_code_match","","","","","Create/activate the missing project budget code or mark the row intentionally unmapped."
"subcontract_sov_items","de8f2fe3-b1c7-4d4c-9f68-17dbd1f6fca4","6988a3fa-9e2c-46d8-b0d2-3b4621c32cc2","869","SC-000421","Provide labor, materials, equipment, and supervision to inst","Approved","4","261000","261000","Cost of Contracts- Subco","3200","no_project_budget_code_match","","","","","Create/activate the missing project budget code or mark the row intentionally unmapped."
"subcontract_sov_items","ec0eb52a-553c-414e-b607-492fc9e1503c","69e7c47f-267c-49b7-a04c-0f8feb7fa89c","754","SC-8189-0011","Masonry","Approved","1","","","Masonry","45480","blank_code_nonzero_amount","","","","","Source data repair required: assign a project budget code before this financial amount can be trusted."
"subcontract_sov_items","498c1ba7-0c94-4c9f-b6b3-c58e28806e6d","6a3c5d4c-b4a8-4604-af20-1a55509fbf19","754","SC-8189-0021","Surveyor","Approved","1","","","Surveyor","907.5","blank_code_nonzero_amount","","","","","Source data repair required: assign a project budget code before this financial amount can be trusted."
"subcontract_sov_items","20ca7a5d-5aa1-4225-869f-d88c7dfd640c","6b6303f5-8588-422d-853c-f078a3235546","754","SC-8189-0001","Electrical","Approved","1","","","Electrical","383000","blank_code_nonzero_amount","","","","","Source data repair required: assign a project budget code before this financial amount can be trusted."
"subcontract_sov_items","06fdb494-6627-47f7-861c-80f161ae6072","7268414e-1a58-4666-a828-1b20ec826024","754","SC-8189-0007","","Approved","1","","","SC-8189-0007","34320","blank_code_nonzero_amount","","","","","Source data repair required: assign a project budget code before this financial amount can be trusted."
"subcontract_sov_items","11cd8e37-0a88-4a18-9052-54c78db4038f","726fb316-5d47-4416-8fab-a6a747954a66","25125","SC-5092-0008","Roofing","Approved","1","07-5300","075300","EPDM Roofing","25120","no_project_budget_code_match","","","","","Create/activate the missing project budget code or mark the row intentionally unmapped."
"subcontract_sov_items","75365fce-bc74-46ae-9456-780b168f56a9","76ce09cc-7e10-4fde-860c-44c23b18d3c5","67","SC-E2E-1a909977","E2E-1a909977-1.1 Test Subcontract","Draft","1","","","","0","blank_code_zero_amount","","","","","Can remain unmapped if row is intentionally zero-value, otherwise assign a project budget code."
"subcontract_sov_items","64b27a0f-9d96-4391-ac83-3b48d0146769","7721db9b-e59b-4a9e-9f71-6da509d67374","865","SC-000404","Fabricate and install cabinetry and millwork for the Break R","Approved","1","123500","123500","Cost of Contracts- Subco","5300","no_project_budget_code_match","","","","","Create/activate the missing project budget code or mark the row intentionally unmapped."
"subcontract_sov_items","0b93705c-0218-415f-86b2-96625e289f1b","7721db9b-e59b-4a9e-9f71-6da509d67374","865","SC-000404","Fabricate and install cabinetry and millwork for the Break R","Approved","2","123500","123500","Cost of Contracts- Subco","1520","no_project_budget_code_match","","","","","Create/activate the missing project budget code or mark the row intentionally unmapped."
"subcontract_sov_items","79ad5a58-f77c-4d00-8d49-ef9f8c39508a","7721db9b-e59b-4a9e-9f71-6da509d67374","865","SC-000404","Fabricate and install cabinetry and millwork for the Break R","Approved","3","123500","123500","Cost of Contracts- Labor","1950","no_project_budget_code_match","","","","","Create/activate the missing project budget code or mark the row intentionally unmapped."
"subcontract_sov_items","3386dbfb-439f-4b7a-939c-e17c652806e5","7ad0f84d-258a-49c5-9fae-fee068b36ad6","754","SC-8189-0004","","Approved","1","","","SC-8189-0004","292331","blank_code_nonzero_amount","","","","","Source data repair required: assign a project budget code before this financial amount can be trusted."
"subcontract_sov_items","6eee37df-ea5f-4292-98d3-5d6ad5ed5299","7b218f1a-ea33-412e-bd5d-3c73d07a4d4b","1067","SC-000425","Subcontract for demolition and finish work to renovate a Win","Approved","1","095100","095100","Cost of Contracts- Subco","300","no_project_budget_code_match","","","","","Create/activate the missing project budget code or mark the row intentionally unmapped."
"subcontract_sov_items","0ca1bbc3-7d56-4fb1-ad46-818c034ebf2f","7b218f1a-ea33-412e-bd5d-3c73d07a4d4b","1067","SC-000425","Subcontract for demolition and finish work to renovate a Win","Approved","2","095100","095100","Cost of Contracts- Subco","300","no_project_budget_code_match","","","","","Create/activate the missing project budget code or mark the row intentionally unmapped."
"subcontract_sov_items","9b679a44-cf1e-4457-89d3-dd1f3d06c2f1","7b218f1a-ea33-412e-bd5d-3c73d07a4d4b","1067","SC-000425","Subcontract for demolition and finish work to renovate a Win","Approved","3","095100","095100","Cost of Contracts- Subco","2300","no_project_budget_code_match","","","","","Create/activate the missing project budget code or mark the row intentionally unmapped."
"subcontract_sov_items","52ecfbf9-7cba-4d9d-86a7-882d3d44c21e","7b218f1a-ea33-412e-bd5d-3c73d07a4d4b","1067","SC-000425","Subcontract for demolition and finish work to renovate a Win","Approved","4","095100","095100","Cost of Contracts- Subco","2000","no_project_budget_code_match","","","","","Create/activate the missing project budget code or mark the row intentionally unmapped."
"subcontract_sov_items","b0375a0f-3057-47fc-97df-41b5abbb09a0","7b218f1a-ea33-412e-bd5d-3c73d07a4d4b","1067","SC-000425","Subcontract for demolition and finish work to renovate a Win","Approved","5","095100","095100","Cost of Contracts- Subco","300","no_project_budget_code_match","","","","","Create/activate the missing project budget code or mark the row intentionally unmapped."
"subcontract_sov_items","06c5b714-5e26-4370-a555-aac760d1b563","7b218f1a-ea33-412e-bd5d-3c73d07a4d4b","1067","SC-000425","Subcontract for demolition and finish work to renovate a Win","Approved","6","095100","095100","Cost of Contracts- Subco","1200","no_project_budget_code_match","","","","","Create/activate the missing project budget code or mark the row intentionally unmapped."
"subcontract_sov_items","6e6e118d-12e7-4867-bfb0-3eec31ebc887","7b218f1a-ea33-412e-bd5d-3c73d07a4d4b","1067","SC-000425","Subcontract for demolition and finish work to renovate a Win","Approved","7","095100","095100","Cost of Contracts- Subco","500","no_project_budget_code_match","","","","","Create/activate the missing project budget code or mark the row intentionally unmapped."
"subcontract_sov_items","cdcdaf02-4ac1-40d9-a1c1-9e854b766b92","7b218f1a-ea33-412e-bd5d-3c73d07a4d4b","1067","SC-000425","Subcontract for demolition and finish work to renovate a Win","Approved","8","095100","095100","Cost of Contracts- Subco","600","no_project_budget_code_match","","","","","Create/activate the missing project budget code or mark the row intentionally unmapped."
"subcontract_sov_items","c4a18fc2-dc23-4cd0-9370-821e0179aa82","7b218f1a-ea33-412e-bd5d-3c73d07a4d4b","1067","SC-000425","Subcontract for demolition and finish work to renovate a Win","Approved","9","095100","095100","Cost of Contracts- Subco","8000","no_project_budget_code_match","","","","","Create/activate the missing project budget code or mark the row intentionally unmapped."
"subcontract_sov_items","45a123a9-75e5-463e-8cc3-2d5288c458bc","7b218f1a-ea33-412e-bd5d-3c73d07a4d4b","1067","SC-000425","Subcontract for demolition and finish work to renovate a Win","Approved","10","095100","095100","Cost of Contracts- Subco","500","no_project_budget_code_match","","","","","Create/activate the missing project budget code or mark the row intentionally unmapped."
"subcontract_sov_items","17c382c2-394d-4a6d-a86d-532afaf6bc86","7b218f1a-ea33-412e-bd5d-3c73d07a4d4b","1067","SC-000425","Subcontract for demolition and finish work to renovate a Win","Approved","11","095100","095100","Cost of Contracts- Subco","2300","no_project_budget_code_match","","","","","Create/activate the missing project budget code or mark the row intentionally unmapped."
"subcontract_sov_items","a7b42bd2-8c24-4c0f-9537-c3c27a147948","7b218f1a-ea33-412e-bd5d-3c73d07a4d4b","1067","SC-000425","Subcontract for demolition and finish work to renovate a Win","Approved","12","095100","095100","Cost of Contracts- Subco","1000","no_project_budget_code_match","","","","","Create/activate the missing project budget code or mark the row intentionally unmapped."
"subcontract_sov_items","abccabd5-dfd7-4cec-b533-f0ce121af4c1","7b218f1a-ea33-412e-bd5d-3c73d07a4d4b","1067","SC-000425","Subcontract for demolition and finish work to renovate a Win","Approved","13","095100","095100","Cost of Contracts- Subco","1500","no_project_budget_code_match","","","","","Create/activate the missing project budget code or mark the row intentionally unmapped."
"subcontract_sov_items","e6c43626-0129-4de3-9987-34760a740c1c","7b218f1a-ea33-412e-bd5d-3c73d07a4d4b","1067","SC-000425","Subcontract for demolition and finish work to renovate a Win","Approved","14","095100","095100","Cost of Contracts- Subco","350","no_project_budget_code_match","","","","","Create/activate the missing project budget code or mark the row intentionally unmapped."
"subcontract_sov_items","64310825-9b3f-4506-8b50-f1d2271e194f","7b218f1a-ea33-412e-bd5d-3c73d07a4d4b","1067","SC-000425","Subcontract for demolition and finish work to renovate a Win","Approved","15","095100","095100","Cost of Contracts- Subco","16400","no_project_budget_code_match","","","","","Create/activate the missing project budget code or mark the row intentionally unmapped."
"subcontract_sov_items","82330a51-ca45-4184-b4b5-132cf1ea4bb4","7b218f1a-ea33-412e-bd5d-3c73d07a4d4b","1067","SC-000425","Subcontract for demolition and finish work to renovate a Win","Approved","16","095100","095100","Cost of Contracts- Subco","700","no_project_budget_code_match","","","","","Create/activate the missing project budget code or mark the row intentionally unmapped."
"subcontract_sov_items","164071fe-1788-4425-8f99-2303b9e60036","7b218f1a-ea33-412e-bd5d-3c73d07a4d4b","1067","SC-000425","Subcontract for demolition and finish work to renovate a Win","Approved","17","095100","095100","Cost of Contracts- Subco","1600","no_project_budget_code_match","","","","","Create/activate the missing project budget code or mark the row intentionally unmapped."
"subcontract_sov_items","cbf96fb6-8675-46d0-8bdf-5aab369577bb","7b218f1a-ea33-412e-bd5d-3c73d07a4d4b","1067","SC-000425","Subcontract for demolition and finish work to renovate a Win","Approved","18","095100","095100","Cost of Contracts- Subco","3800","no_project_budget_code_match","","","","","Create/activate the missing project budget code or mark the row intentionally unmapped."
"subcontract_sov_items","cbc4897d-ae57-4d7e-9056-15a24c26875c","7b218f1a-ea33-412e-bd5d-3c73d07a4d4b","1067","SC-000425","Subcontract for demolition and finish work to renovate a Win","Approved","19","095100","095100","Cost of Contracts- Subco","12000","no_project_budget_code_match","","","","","Create/activate the missing project budget code or mark the row intentionally unmapped."
"subcontract_sov_items","f8d490f1-5947-4ffd-b077-8164f9a35778","7c9e1fb9-8d84-4bf1-bd38-6ef3300df28f","754","SC-8189-0003","","Approved","1","","","SC-8189-0003","61500","blank_code_nonzero_amount","","","","","Source data repair required: assign a project budget code before this financial amount can be trusted."
"subcontract_sov_items","43a0ed4c-7f12-4c08-8ea4-19f1b367f130","7db908ae-c05e-4536-b2ca-5efd8653044c","761","SC-000329","HVAC Subcontract","Approved","1","237000","237000","Cost of Contracts- Subco","156757.41","no_project_budget_code_match","","","","","Create/activate the missing project budget code or mark the row intentionally unmapped."
"subcontract_sov_items","fe7f25e7-50d2-46f4-85b5-0a49acea932a","7db908ae-c05e-4536-b2ca-5efd8653044c","761","SC-000329","HVAC Subcontract","Approved","2","237000","237000","Cost of Contracts- Subco","339000","no_project_budget_code_match","","","","","Create/activate the missing project budget code or mark the row intentionally unmapped."
"subcontract_sov_items","0020ecd8-eb42-4442-9a7b-a4cca7380e81","7db908ae-c05e-4536-b2ca-5efd8653044c","761","SC-000329","HVAC Subcontract","Approved","3","237000","237000","Cost of Contracts- Subco","45000","no_project_budget_code_match","","","","","Create/activate the missing project budget code or mark the row intentionally unmapped."
"subcontract_sov_items","bbe6717b-93aa-4477-921f-8b5bf4f4b725","7db908ae-c05e-4536-b2ca-5efd8653044c","761","SC-000329","HVAC Subcontract","Approved","4","237000","237000","Cost of Contracts- Subco","6000","no_project_budget_code_match","","","","","Create/activate the missing project budget code or mark the row intentionally unmapped."
"subcontract_sov_items","d98f5e13-de55-41ac-ac57-434dc1144db1","7db908ae-c05e-4536-b2ca-5efd8653044c","761","SC-000329","HVAC Subcontract","Approved","5","237000","237000","Cost of Contracts- Subco","6000","no_project_budget_code_match","","","","","Create/activate the missing project budget code or mark the row intentionally unmapped."
"subcontract_sov_items","b14515d5-0561-447f-826c-6c76511aef3f","7db908ae-c05e-4536-b2ca-5efd8653044c","761","SC-000329","HVAC Subcontract","Approved","6","237000","237000","Cost of Contracts- Subco","10000","no_project_budget_code_match","","","","","Create/activate the missing project budget code or mark the row intentionally unmapped."
"subcontract_sov_items","3822b7cc-9edd-4dd7-b023-6c859fa8cf8e","7db908ae-c05e-4536-b2ca-5efd8653044c","761","SC-000329","HVAC Subcontract","Approved","7","237000","237000","Cost of Contracts- Subco","12000","no_project_budget_code_match","","","","","Create/activate the missing project budget code or mark the row intentionally unmapped."
"subcontract_sov_items","6e43b4b0-2acc-40b0-895e-d5cffdc0bc43","7db908ae-c05e-4536-b2ca-5efd8653044c","761","SC-000329","HVAC Subcontract","Approved","8","237000","237000","Cost of Contracts- Subco","6000","no_project_budget_code_match","","","","","Create/activate the missing project budget code or mark the row intentionally unmapped."
"subcontract_sov_items","d13a0830-1cc9-4ee5-9ebf-8944b769a938","7db908ae-c05e-4536-b2ca-5efd8653044c","761","SC-000329","HVAC Subcontract","Approved","9","237000","237000","Cost of Contracts- Subco","48000","no_project_budget_code_match","","","","","Create/activate the missing project budget code or mark the row intentionally unmapped."
"subcontract_sov_items","4bf89597-b23f-4e87-8979-f7c3f4378b7c","7db908ae-c05e-4536-b2ca-5efd8653044c","761","SC-000329","HVAC Subcontract","Approved","10","237000","237000","Cost of Contracts- Subco","-13149.41","no_project_budget_code_match","","","","","Create/activate the missing project budget code or mark the row intentionally unmapped."
"subcontract_sov_items","e497e87a-c1ea-4380-8e40-d86d7bf61260","7df8febb-f4ff-400e-a951-0f7ced04e5d8","761","SC-000366","Structural Welding Subcontract","Complete","1","051200","051200","Cost of Contracts- Subco","312370.49","no_project_budget_code_match","","","","","Create/activate the missing project budget code or mark the row intentionally unmapped."
"subcontract_sov_items","2d595d49-4a8a-4ecf-a6ba-b2cbba5e3f57","7df8febb-f4ff-400e-a951-0f7ced04e5d8","761","SC-000366","Structural Welding Subcontract","Complete","2","051200","051200","Cost of Contracts- Subco","125000","no_project_budget_code_match","","","","","Create/activate the missing project budget code or mark the row intentionally unmapped."
"subcontract_sov_items","95387d01-8d9d-4a23-9dfd-5a4eb6d4fc59","7df8febb-f4ff-400e-a951-0f7ced04e5d8","761","SC-000366","Structural Welding Subcontract","Complete","3","051200","051200","Cost of Contracts- Subco","34638","no_project_budget_code_match","","","","","Create/activate the missing project budget code or mark the row intentionally unmapped."
"subcontract_sov_items","7f9aa50a-5c71-4711-aa4b-dde2fe90b27c","7f2f3a56-bb38-4ab0-84b7-fb7f88fb6fca","43","SC-000194","All windows Aluminum store fronts and doors Vestibule at sou","Complete","1","084300","084300","Cost of Contracts- Subco","109315","ambiguous_typed_matches","73807d21-4c42-4a8e-afc8-8026155b016a;e98da9d9-c950-4bdd-aa8f-581bcd92112c","08-4300.M;08-4300.S","aa0334a2-cb74-49e7-a802-f46029fd4b55","08-4300","Manual selection required: choose the specific cost type candidate."
"subcontract_sov_items","f399fcc1-9d5d-4744-b239-b09e54017c6c","7f2f3a56-bb38-4ab0-84b7-fb7f88fb6fca","43","SC-000194","All windows Aluminum store fronts and doors Vestibule at sou","Complete","2","084300","084300","Cost of Contracts- Subco","10755","ambiguous_typed_matches","73807d21-4c42-4a8e-afc8-8026155b016a;e98da9d9-c950-4bdd-aa8f-581bcd92112c","08-4300.M;08-4300.S","aa0334a2-cb74-49e7-a802-f46029fd4b55","08-4300","Manual selection required: choose the specific cost type candidate."
"subcontract_sov_items","34012dad-59ba-433f-b79f-f3e0ec3536bd","7f2f3a56-bb38-4ab0-84b7-fb7f88fb6fca","43","SC-000194","All windows Aluminum store fronts and doors Vestibule at sou","Complete","3","084300","084300","Cost of Contracts- Subco","30000","ambiguous_typed_matches","73807d21-4c42-4a8e-afc8-8026155b016a;e98da9d9-c950-4bdd-aa8f-581bcd92112c","08-4300.M;08-4300.S","aa0334a2-cb74-49e7-a802-f46029fd4b55","08-4300","Manual selection required: choose the specific cost type candidate."
"subcontract_sov_items","d4ddf718-06e2-40a2-8d79-04e6c4f63b5c","7f2f3a56-bb38-4ab0-84b7-fb7f88fb6fca","43","SC-000194","All windows Aluminum store fronts and doors Vestibule at sou","Complete","4","084300","084300","Cost of Contracts- Subco","10000","ambiguous_typed_matches","73807d21-4c42-4a8e-afc8-8026155b016a;e98da9d9-c950-4bdd-aa8f-581bcd92112c","08-4300.M;08-4300.S","aa0334a2-cb74-49e7-a802-f46029fd4b55","08-4300","Manual selection required: choose the specific cost type candidate."
"subcontract_sov_items","26d30812-ad7f-4d05-bd9c-73e9d733e0d3","7f2f3a56-bb38-4ab0-84b7-fb7f88fb6fca","43","SC-000194","All windows Aluminum store fronts and doors Vestibule at sou","Complete","5","084300","084300","Cost of Contracts- Subco","-1915","ambiguous_typed_matches","73807d21-4c42-4a8e-afc8-8026155b016a;e98da9d9-c950-4bdd-aa8f-581bcd92112c","08-4300.M;08-4300.S","aa0334a2-cb74-49e7-a802-f46029fd4b55","08-4300","Manual selection required: choose the specific cost type candidate."
"subcontract_sov_items","d352b09c-71b8-4bac-9c80-b6b096f900e9","8c4239e6-36d3-4d94-b07d-ed3c3e3d5493","761","SC-000332","Structural Welding Subcontract","Approved","1","051200","051200","Cost of Contracts- Subco","295000","no_project_budget_code_match","","","","","Create/activate the missing project budget code or mark the row intentionally unmapped."
"subcontract_sov_items","2ee4602c-a326-45d6-af01-b764c4bcd0d3","8c4239e6-36d3-4d94-b07d-ed3c3e3d5493","761","SC-000332","Structural Welding Subcontract","Approved","2","051200","051200","Cost of Contracts- Subco","125000","no_project_budget_code_match","","","","","Create/activate the missing project budget code or mark the row intentionally unmapped."
"subcontract_sov_items","918258be-26e0-4970-9226-121263a406da","8c4239e6-36d3-4d94-b07d-ed3c3e3d5493","761","SC-000332","Structural Welding Subcontract","Approved","3","051200","051200","Cost of Contracts- Subco","34638","no_project_budget_code_match","","","","","Create/activate the missing project budget code or mark the row intentionally unmapped."
"subcontract_sov_items","bf0dd60b-a518-4566-b7b7-0f0c65c31b3d","8c4239e6-36d3-4d94-b07d-ed3c3e3d5493","761","SC-000332","Structural Welding Subcontract","Approved","4","051200","051200","Cost of Contracts- Subco","797.49","no_project_budget_code_match","","","","","Create/activate the missing project budget code or mark the row intentionally unmapped."
"subcontract_sov_items","f1564b7e-fdb4-406c-a86d-ff87bb5f9ad6","8c4239e6-36d3-4d94-b07d-ed3c3e3d5493","761","SC-000332","Structural Welding Subcontract","Approved","5","051200","051200","Cost of Contracts- Subco","3000","no_project_budget_code_match","","","","","Create/activate the missing project budget code or mark the row intentionally unmapped."
"subcontract_sov_items","62906618-a0e4-4d5b-8060-c9d1c7421e16","8c4239e6-36d3-4d94-b07d-ed3c3e3d5493","761","SC-000332","Structural Welding Subcontract","Approved","6","051200","051200","Cost of Contracts- Subco","1900","no_project_budget_code_match","","","","","Create/activate the missing project budget code or mark the row intentionally unmapped."
"subcontract_sov_items","494c11b7-538e-4a00-91eb-24cd37cd2d29","8c4239e6-36d3-4d94-b07d-ed3c3e3d5493","761","SC-000332","Structural Welding Subcontract","Approved","7","051200","051200","Cost of Contracts- Subco","4600","no_project_budget_code_match","","","","","Create/activate the missing project budget code or mark the row intentionally unmapped."
"subcontract_sov_items","10898cc6-4e66-4f70-8b67-dc7ab829e9ab","8f2bbab9-e7d9-4554-8361-29b99d7085a9","25125","SC-5092-0003","Plumbing","Approved","1","22-1000","221000","Plumbing Piping","132342","no_project_budget_code_match","","","","","Create/activate the missing project budget code or mark the row intentionally unmapped."
"subcontract_sov_items","d1d5dadf-6853-4ec9-84d9-d9e85526633e","90f9382d-e94e-4fe2-95ed-ca8fce04ca76","25108","SC-000320","SC-000320","Approved","1","099123","099123","Cost of Contracts- Subco","5350","no_project_budget_code_match","","","","","Create/activate the missing project budget code or mark the row intentionally unmapped."
"subcontract_sov_items","1b668fb4-2736-4f37-bc05-9ba06a2e4c3b","94c7bb8d-23e0-498f-b187-c2232df31603","43","SC-000292","Power washing of structural steel after erection to clean of","Complete","1","017413","017413","Cost of Contracts- Subco","2500","ambiguous_typed_matches","a8641a8e-86a4-41ca-8bca-0cd7b0c62971;f498ceec-250f-463b-9e2b-a87e6b825152","01-7413.X;01-7413.S","642bf908-3a72-4d6a-9a73-4d39cf4138ea","01-7413","Manual selection required: choose the specific cost type candidate."
"subcontract_sov_items","f30c6f43-2c63-4944-98b4-5e83e88488c8","964e642b-33cd-4dda-be6b-65e8f83f5579","805","SC-000038","Flooring and Base","Approved","1","096519","096519","Cost of Contracts- Subco","4350","no_project_budget_code_match","","","","","Create/activate the missing project budget code or mark the row intentionally unmapped."
"subcontract_sov_items","e1d8259b-1368-4e9d-a000-55c96f5bc115","964e642b-33cd-4dda-be6b-65e8f83f5579","805","SC-000038","Flooring and Base","Approved","2","096519","096519","Cost of Contracts- Subco","575","no_project_budget_code_match","","","","","Create/activate the missing project budget code or mark the row intentionally unmapped."
"subcontract_sov_items","11a1f9cc-9ab0-4085-b5ee-9f880c4b1460","9a304a4d-bb9a-4c99-9e17-c8d02a7fb895","754","SC-8189-0009","","Approved","1","","","SC-8189-0009","82900","blank_code_nonzero_amount","","","","","Source data repair required: assign a project budget code before this financial amount can be trusted."
"subcontract_sov_items","dad91854-7aa9-4fab-bf43-f2e27a01f492","9c5c728e-17fc-4405-a8e4-2eacd2861fca","868","SC-000439","Provide labor and materials to replace the existing wall bas","Approved","1","096513","096513","Cost of Contracts- Subco","5400","no_project_budget_code_match","","","","","Create/activate the missing project budget code or mark the row intentionally unmapped."
"subcontract_sov_items","d1204caf-31e6-467e-b54b-03139353cf9a","a0da955d-32e9-475d-8a1c-b85b725cbb94","67","SC-002","SC Smoke 100","Terminated","1","","","","100000","blank_code_nonzero_amount","","","","","Source data repair required: assign a project budget code before this financial amount can be trusted."
"subcontract_sov_items","eef0c44d-a5f2-4991-aba5-e934827b4fda","a0ddee7b-34ce-454e-9d80-ae4073c3e90f","754","SC-8189-0016","","Approved","1","","","SC-8189-0016","12228","blank_code_nonzero_amount","","","","","Source data repair required: assign a project budget code before this financial amount can be trusted."
"subcontract_sov_items","be0186ed-1f17-4167-a2e0-1208f1c5c3d6","a81228ba-5100-4608-a3c5-a4577198ae24","754","SC-8189-0010","Doors, Frames & Hardware","Approved","1","","","Doors, Frames & Hardware","37408","blank_code_nonzero_amount","","","","","Source data repair required: assign a project budget code before this financial amount can be trusted."
"subcontract_sov_items","74e9f553-af19-4f0c-976c-fbb32e3c018f","ab461278-bc2c-42f7-b4e3-c39a2da6dd92","25125","SC-000298","SC-000298","Complete","1","024113","024113","Cost of Contracts- Subco","71899.18","no_project_budget_code_match","","","","","Create/activate the missing project budget code or mark the row intentionally unmapped."
"subcontract_sov_items","42f669e7-f36b-4deb-afe1-f4fe1957a4a3","af7f6b15-f3f0-43ea-818a-7bcba2f12ebc","24109","SC-000152","SC-000152","Approved","2","047200","047200","Cost of Contracts- Subco","63600","no_project_budget_code_match","","","","","Create/activate the missing project budget code or mark the row intentionally unmapped."
"subcontract_sov_items","5f8a575a-58d5-4f02-a044-c79bc2c095c8","aff2df5b-aa75-4604-9ae8-f3e9c805d668","767","SC-1773771075150447","Validation Test SC","Complete","1","","","","0","blank_code_zero_amount","","","","","Can remain unmapped if row is intentionally zero-value, otherwise assign a project budget code."
"subcontract_sov_items","15ffb85a-64de-4e0c-97cd-1658c063d0a7","b3560d8c-3a73-4a41-bcbe-2c49eb4b6e24","43","SC-000278","Westfield Collective Final Cleaning","Complete","1","090500","090500","Cost of Contracts- Subco","3850","ambiguous_typed_matches","a6eef7d0-bea2-4b5f-8d63-71d2bee2afe3;6185e334-05f8-40bf-ad50-bed53161d185","09-0500.S;09-0500.L","e4c6e093-a191-48af-af37-203d5f055e2e","09-0500","Manual selection required: choose the specific cost type candidate."
"subcontract_sov_items","2b7ebfdc-3dab-4661-bbb3-10ce68b32ed7","b3560d8c-3a73-4a41-bcbe-2c49eb4b6e24","43","SC-000278","Westfield Collective Final Cleaning","Complete","2","090500","090500","Cost of Contracts- Subco","6175","ambiguous_typed_matches","a6eef7d0-bea2-4b5f-8d63-71d2bee2afe3;6185e334-05f8-40bf-ad50-bed53161d185","09-0500.S;09-0500.L","e4c6e093-a191-48af-af37-203d5f055e2e","09-0500","Manual selection required: choose the specific cost type candidate."
"subcontract_sov_items","f029683f-8d3f-4c65-9150-80f46c467b24","b4f16769-7b18-4c2d-b866-e37971f50ec9","754","SC-8189-0002","HVAC","Approved","1","","","HVAC","315578.5","blank_code_nonzero_amount","","","","","Source data repair required: assign a project budget code before this financial amount can be trusted."
"subcontract_sov_items","9f82175f-13b1-49b1-aea9-17682bffbb9d","b8b74f63-df0d-4d5b-93d1-c480bb137d0f","31","SC-000242","SC-000242","Approved","1","261000","261000","Cost of Contracts- Subco","353505","ambiguous_typed_matches","1235eae8-aa0d-4588-8a09-704b98f0861d;470a7b44-1a25-4e42-a3f3-1c52bfa630c8","26-1000.L;26-1000.S","cccd6650-7148-49f7-9254-49ada13fdd76","26-1000","Manual selection required: choose the specific cost type candidate."
"subcontract_sov_items","62e79d95-6027-4baf-b4c2-4a63b03efb3a","b8b74f63-df0d-4d5b-93d1-c480bb137d0f","31","SC-000242","SC-000242","Approved","2","261000","261000","Cost of Contracts- Subco","87653","ambiguous_typed_matches","1235eae8-aa0d-4588-8a09-704b98f0861d;470a7b44-1a25-4e42-a3f3-1c52bfa630c8","26-1000.L;26-1000.S","cccd6650-7148-49f7-9254-49ada13fdd76","26-1000","Manual selection required: choose the specific cost type candidate."
"subcontract_sov_items","13d6da9a-a352-47f0-bd09-93dfd974b5ad","b8b74f63-df0d-4d5b-93d1-c480bb137d0f","31","SC-000242","SC-000242","Approved","3","261000","261000","Cost of Contracts- Subco","16952","ambiguous_typed_matches","1235eae8-aa0d-4588-8a09-704b98f0861d;470a7b44-1a25-4e42-a3f3-1c52bfa630c8","26-1000.L;26-1000.S","cccd6650-7148-49f7-9254-49ada13fdd76","26-1000","Manual selection required: choose the specific cost type candidate."
"subcontract_sov_items","279b0e58-1709-4de4-ab82-003116e32e5f","b8b74f63-df0d-4d5b-93d1-c480bb137d0f","31","SC-000242","SC-000242","Approved","4","261000","261000","Cost of Contracts- Subco","165325","ambiguous_typed_matches","1235eae8-aa0d-4588-8a09-704b98f0861d;470a7b44-1a25-4e42-a3f3-1c52bfa630c8","26-1000.L;26-1000.S","cccd6650-7148-49f7-9254-49ada13fdd76","26-1000","Manual selection required: choose the specific cost type candidate."
"subcontract_sov_items","c092f46a-057e-4851-bbd4-60bb77ddbab7","b8b74f63-df0d-4d5b-93d1-c480bb137d0f","31","SC-000242","SC-000242","Approved","5","261000","261000","Cost of Contracts- Subco","24987","ambiguous_typed_matches","1235eae8-aa0d-4588-8a09-704b98f0861d;470a7b44-1a25-4e42-a3f3-1c52bfa630c8","26-1000.L;26-1000.S","cccd6650-7148-49f7-9254-49ada13fdd76","26-1000","Manual selection required: choose the specific cost type candidate."
"subcontract_sov_items","70aac68f-abed-46d0-b0ab-4a693dab581d","b8b74f63-df0d-4d5b-93d1-c480bb137d0f","31","SC-000242","SC-000242","Approved","6","261000","261000","Cost of Contracts- Subco","26987","ambiguous_typed_matches","1235eae8-aa0d-4588-8a09-704b98f0861d;470a7b44-1a25-4e42-a3f3-1c52bfa630c8","26-1000.L;26-1000.S","cccd6650-7148-49f7-9254-49ada13fdd76","26-1000","Manual selection required: choose the specific cost type candidate."
"subcontract_sov_items","16e9710d-0882-467b-af4e-e7e1c782357d","b8b74f63-df0d-4d5b-93d1-c480bb137d0f","31","SC-000242","SC-000242","Approved","7","26-1000","261000","Cost of Contracts- Subco","-1999","ambiguous_typed_matches","1235eae8-aa0d-4588-8a09-704b98f0861d;470a7b44-1a25-4e42-a3f3-1c52bfa630c8","26-1000.L;26-1000.S","cccd6650-7148-49f7-9254-49ada13fdd76","26-1000","Manual selection required: choose the specific cost type candidate."
"subcontract_sov_items","b90a48dd-ae4e-4545-b969-ce29cd9166d6","bc3a0b4d-8def-4aa1-8604-2a94bee02ee3","754","SC-8189-0013","","Approved","1","","","SC-8189-0013","42657","blank_code_nonzero_amount","","","","","Source data repair required: assign a project budget code before this financial amount can be trusted."
"subcontract_sov_items","5a3eb1b1-784c-455e-8672-068f803d75ca","c1198e63-1709-4b0f-a0ea-c60782d68ea6","761","SC-000365","Structural Welding Subcontract","Approved","1","051200","051200","Cost of Contracts- Subco","305297.49","no_project_budget_code_match","","","","","Create/activate the missing project budget code or mark the row intentionally unmapped."
"subcontract_sov_items","e7bbe389-9afb-488e-8db5-f5c7d3b6078e","c1198e63-1709-4b0f-a0ea-c60782d68ea6","761","SC-000365","Structural Welding Subcontract","Approved","2","051200","051200","Cost of Contracts- Subco","125000","no_project_budget_code_match","","","","","Create/activate the missing project budget code or mark the row intentionally unmapped."
"subcontract_sov_items","0c0bd390-ba43-4670-acdc-17b4f2c5a7eb","c1198e63-1709-4b0f-a0ea-c60782d68ea6","761","SC-000365","Structural Welding Subcontract","Approved","3","051200","051200","Cost of Contracts- Subco","34638","no_project_budget_code_match","","","","","Create/activate the missing project budget code or mark the row intentionally unmapped."
"subcontract_sov_items","7d176601-58c4-4814-97a1-daccf3ae5c7c","cb783615-3c63-4393-82f9-83c4169a43ff","754","SC-8189-0017","Bathroom Accessories","Approved","1","","","Bathroom Accessories","4248","blank_code_nonzero_amount","","","","","Source data repair required: assign a project budget code before this financial amount can be trusted."
"subcontract_sov_items","ece93cc9-15f2-49f7-b4ab-1342ae75b949","d43e31ea-c724-4a07-b5b6-806a310af225","868","SC-000435","Provide labor, materials, and equipment to complete plumbing","Approved","1","221000","221000","Cost of Contracts- Subco","7200","no_project_budget_code_match","","","","","Create/activate the missing project budget code or mark the row intentionally unmapped."
"subcontract_sov_items","bd5efc7f-5cc6-4ce2-bc31-5ce773c8bb5c","d43e31ea-c724-4a07-b5b6-806a310af225","868","SC-000435","Provide labor, materials, and equipment to complete plumbing","Approved","2","221000","221000","Cost of Contracts- Subco","4800","no_project_budget_code_match","","","","","Create/activate the missing project budget code or mark the row intentionally unmapped."
"subcontract_sov_items","2fc0f890-cd56-4d55-8298-04c6ecf792ec","d4786578-d3e0-4455-9047-81c0162d4e64","1012","SC-000350","Scope of Work  This proposal includes all labor for the desi","Approved","1","507000","507000","Cost of Contracts- Other","15000","no_project_budget_code_match","","","","","Create/activate the missing project budget code or mark the row intentionally unmapped."
"subcontract_sov_items","20dd6209-dcc4-4dc8-87a6-43dfdf76902e","d5b4bf11-6222-41c1-a0d1-47331f9ac5eb","754","SC-8189-0012","Fire Alarm, Security & Intrusion Systems","Approved","1","","","Fire Alarm, Security & Intrusion Systems","102837","blank_code_nonzero_amount","","","","","Source data repair required: assign a project budget code before this financial amount can be trusted."
"subcontract_sov_items","c62beb79-fb50-4971-80d7-83cbf7b835ad","d9dbe392-649e-485d-8792-6ee649f8f945","43","SC-000230","SC-000230","Complete","1","055900","055900","Cost of Contracts- Subco","4850","ambiguous_typed_matches","b4ab1b41-f987-447f-ba9d-ec8f8822c5c1;b26d06e3-992f-483e-ac06-87f4f3faf900","05-5900.M;05-5900.S","ab3c7cb6-ca33-4d93-bd34-113a466ab77e","05-5900","Manual selection required: choose the specific cost type candidate."
"subcontract_sov_items","33df359b-f819-46c8-b18b-90ef8e50f0dc","d9dbe392-649e-485d-8792-6ee649f8f945","43","SC-000230","SC-000230","Complete","2","055900","055900","Cost of Contracts- Subco","1000","ambiguous_typed_matches","b4ab1b41-f987-447f-ba9d-ec8f8822c5c1;b26d06e3-992f-483e-ac06-87f4f3faf900","05-5900.M;05-5900.S","ab3c7cb6-ca33-4d93-bd34-113a466ab77e","05-5900","Manual selection required: choose the specific cost type candidate."
"subcontract_sov_items","30217a5f-7499-4ebe-a46c-687169d80bb6","d9dbe392-649e-485d-8792-6ee649f8f945","43","SC-000230","SC-000230","Complete","3","055900","055900","Cost of Contracts- Subco","3850","ambiguous_typed_matches","b4ab1b41-f987-447f-ba9d-ec8f8822c5c1;b26d06e3-992f-483e-ac06-87f4f3faf900","05-5900.M;05-5900.S","ab3c7cb6-ca33-4d93-bd34-113a466ab77e","05-5900","Manual selection required: choose the specific cost type candidate."
"subcontract_sov_items","e983a5ef-c808-410c-8942-6014fd1334a8","dbb480e9-b5d3-4563-83e4-09e1b50a0b26","754","SC-8189-0015","Dock Leveler, Overhead Door, Dock Seal & Dock Bumpers","Approved","1","","","Dock Leveler, Overhead Door, Dock Seal & Dock Bumpers","29900","blank_code_nonzero_amount","","","","","Source data repair required: assign a project budget code before this financial amount can be trusted."
"subcontract_sov_items","d7bebbf1-1cb8-426f-b064-5af1ee6a5e1e","dcf35dfd-6c29-4e48-b0d3-deef1fa3b6c7","868","SC-000434","Provide labor, materials, and equipment for interior metal s","Approved","1","095100","095100","Cost of Contracts- Subco","64050","no_project_budget_code_match","","","","","Create/activate the missing project budget code or mark the row intentionally unmapped."
"subcontract_sov_items","3220b802-3ba6-42a9-8b78-73efd2f946c1","dcf35dfd-6c29-4e48-b0d3-deef1fa3b6c7","868","SC-000434","Provide labor, materials, and equipment for interior metal s","Approved","2","024113","024113","Cost of Contracts- Subco","24000","no_project_budget_code_match","","","","","Create/activate the missing project budget code or mark the row intentionally unmapped."
"subcontract_sov_items","01875b69-8461-433d-a79d-897db40e77d3","e0a683b0-f674-4c54-aadb-bf732bbfa734","879","SC-000393","- General Notes: - All fire sprinkler work shall be performe","Approved","3","211313","211313","Cost of Contracts- Subco","185025","no_project_budget_code_match","","","","","Create/activate the missing project budget code or mark the row intentionally unmapped."
"subcontract_sov_items","3e84cf38-07e0-4098-98bb-7c8f5a3a9711","e2798a14-48a3-4ada-83a3-76c09954439d","25125","SC-5092-0005","HVAC Air Distribution","Approved","1","23-3000","233000","HVAC Air Distribution","325730","no_project_budget_code_match","","","","","Create/activate the missing project budget code or mark the row intentionally unmapped."
"subcontract_sov_items","1787d7e5-883b-4873-8a9d-b0d95968663b","e4b50d38-a03b-4183-8f79-4bcc0d695802","25125","SC-000333","SC-000333","Approved","1","233000","233000","Cost of Contracts- Subco","346240","no_project_budget_code_match","","","","","Create/activate the missing project budget code or mark the row intentionally unmapped."
"subcontract_sov_items","eccb3a3a-8aac-49ab-b56b-51df9456c021","e89a9761-8b5c-4b5c-83d4-0c86f551933d","767","6283","Test Submission","Approved","1","","","","0","blank_code_zero_amount","","","","","Can remain unmapped if row is intentionally zero-value, otherwise assign a project budget code."
"subcontract_sov_items","85bba37d-8009-4b11-ac99-4468f92ab410","f0a7dd79-04a2-42bc-bb47-3e57ccfbf7c0","767","SC-1773771075150445","Tedst sub","Draft","1","","","","0","blank_code_zero_amount","","","","","Can remain unmapped if row is intentionally zero-value, otherwise assign a project budget code."
"subcontract_sov_items","3d3198c8-c301-4f5d-90fb-d17c64d91f03","f4736bc9-38b0-435e-8fd9-3649226a96f1","798","SC-000236","SC-000236","Approved","1","061000","061000","Cost of Contracts- Subco","2600","no_project_budget_code_match","","","","","Create/activate the missing project budget code or mark the row intentionally unmapped."
"subcontract_sov_items","3376c186-b212-4beb-b091-a35898fccf8a","f4736bc9-38b0-435e-8fd9-3649226a96f1","798","SC-000236","SC-000236","Approved","2","061000","061000","Cost of Contracts- Subco","4000","no_project_budget_code_match","","","","","Create/activate the missing project budget code or mark the row intentionally unmapped."
"subcontract_sov_items","28069f42-5f52-4fc2-a80c-143570f0d38e","f4736bc9-38b0-435e-8fd9-3649226a96f1","798","SC-000236","SC-000236","Approved","3","061000","061000","Cost of Contracts- Subco","9500","no_project_budget_code_match","","","","","Create/activate the missing project budget code or mark the row intentionally unmapped."
"subcontract_sov_items","f6a50f44-9b94-43b9-a2b8-e5455379e00f","f4736bc9-38b0-435e-8fd9-3649226a96f1","798","SC-000236","SC-000236","Approved","4","061000","061000","Cost of Contracts- Subco","15000","no_project_budget_code_match","","","","","Create/activate the missing project budget code or mark the row intentionally unmapped."
"subcontract_sov_items","18d6aa5f-1a70-492f-b7f0-abee13964a76","f74e1f03-a73e-4ec5-91e2-3ea546119ed5","25125","SC-5092-0009","Electrical","Approved","1","26-1000","261000","Med-Volt Elect Distribution","283275","no_project_budget_code_match","","","","","Create/activate the missing project budget code or mark the row intentionally unmapped."
"subcontract_sov_items","e605e9ca-682d-4c71-8972-ac07ee769d04","fb151ddc-099c-437f-a6e9-95ec8d561f63","754","SC-000418","SC-000418","Approved","1","014523","014523","Cost of Contracts- Subco","1700","no_project_budget_code_match","","","","","Create/activate the missing project budget code or mark the row intentionally unmapped."
"subcontract_sov_items","9d1e95a9-080f-4634-8df4-7b958362eab1","fd7343bc-2399-4a52-9f25-2f85e548a852","754","SC-8189-0020","","Approved","1","","","Includes all labor, materials, tools and equipment for a complete roofing system per contract documents and AHJ requirements.  Includes product data submittals due within 10 days of an executed contract.  Includes shop drawing submittals due within 10 days of an executed contract.  Includes a 1 year workmanship warranty.  Includes material warranties. Includes supply & use of fall protection while working on roof. Includes attending weekly schedule meetings.  Includes cleaning up at the end of each work day.  Includes supply & install of all adhesives, insulation, fasteners, membranes, coping and flashing for a complete installation of the roofing system.  Includes proper sloping of roofing system to meet drainage and AHJ requirements. Includes multiple mobilizations as required for this scope of work.  Includes supply & install of insulation to create a 1/4"" per foot slope per roof plan A102 Includes supply & install of insulation to create roof crickets  Includes removing existing roof finish where new membrane roof connects to existing plywood sheathing. Extend membrane and counterflashing. Plan note 42/A102 Includes supply & install of sheet metal scuppers, conductor heads & downspouts plan note 6/A201, 17/A310 & 18/A310  Includes supply & install of EPDM roofing at the canopy section note 7/A310 Includes supply & install of roof membrane continuous lap over all section note 7/A310 Includes supply & install of continuous cant strip section note 9/A310 Includes supply & install of prefinished aluminum parapet cap at the canopy.  Includes temporarily drying in the loading dock roof after demo","17329","blank_code_nonzero_amount","","","","","Source data repair required: assign a project budget code before this financial amount can be trusted."
"subcontract_sov_items","f2698b32-7deb-4308-b9bc-9653fe87fcc7","fed6665e-8dd5-4237-a784-0de1f612f69f","805","SC-000046","HVAC","Approved","1","233000","233000","Cost of Contracts- Subco","4753.75","no_project_budget_code_match","","","","","Create/activate the missing project budget code or mark the row intentionally unmapped."
